Graph$Comparator2	<Graph$Comparator2: int compare(java.lang.Object,java.lang.Object)>/Graph$Comparator2.compare/0	<Graph$Comparator2: int compare(Vertex,Vertex)>
Edge	<Edge: void adjustAdorns(EdgeIfc)>/EdgeIfc.getWeight/0	<Edge: int getWeight()>
Neighbor	<Edge: void adjustAdorns(EdgeIfc)>/EdgeIfc.getWeight/0	<Neighbor: int getWeight()>
Vertex	<Edge: void adjustAdorns(EdgeIfc)>/EdgeIfc.getWeight/0	<Vertex: int getWeight()>
Edge	<Edge: void adjustAdorns(EdgeIfc)>/Edge.setWeight/0	<Edge: void setWeight(int)>
java.io.PrintStream	<Edge: void display()>/java.io.PrintStream.print/0	<java.io.PrintStream: void print(java.lang.String)>
Vertex	<Edge: void display()>/Vertex.getName/0	<Vertex: java.lang.String getName()>
Vertex	<Edge: void display()>/Vertex.getName/1	<Vertex: java.lang.String getName()>
java.io.PrintStream	<Edge: void display()>/java.io.PrintStream.println/0	<java.io.PrintStream: void println(java.lang.String)>
Graph	<Main: void main(java.lang.String[])>/Graph.runBenchmark/0	<Graph: void runBenchmark(java.lang.String)>
Graph	<Main: void main(java.lang.String[])>/Graph.readNumber/0	<Graph: int readNumber()>
Graph	<Main: void main(java.lang.String[])>/Graph.readNumber/1	<Graph: int readNumber()>
Graph	<Main: void main(java.lang.String[])>/Graph.readNumber/2	<Graph: int readNumber()>
Graph	<Main: void main(java.lang.String[])>/Graph.readNumber/3	<Graph: int readNumber()>
Graph	<Main: void main(java.lang.String[])>/Graph.readNumber/4	<Graph: int readNumber()>
Vertex	<Main: void main(java.lang.String[])>/Vertex.assignName/0	<Vertex: Vertex assignName(java.lang.String)>
Graph	<Main: void main(java.lang.String[])>/Graph.addVertex/0	<Graph: void addVertex(Vertex)>
Graph	<Main: void main(java.lang.String[])>/Graph.readNumber/5	<Graph: int readNumber()>
Graph	<Main: void main(java.lang.String[])>/Graph.readNumber/6	<Graph: int readNumber()>
Graph	<Main: void main(java.lang.String[])>/Graph.stopBenchmark/0	<Graph: void stopBenchmark()>
Graph	<Main: void main(java.lang.String[])>/Graph.findsVertex/0	<Graph: Vertex findsVertex(java.lang.String)>
Graph	<Main: void main(java.lang.String[])>/Graph.run/0	<Graph: void run(Vertex)>
Graph	<Main: void main(java.lang.String[])>/Graph.display/0	<Graph: void display()>
java.io.PrintStream	<Main: void main(java.lang.String[])>/java.io.PrintStream.println/0	<java.io.PrintStream: void println(java.lang.String)>
Graph	<Main: EdgeIfc addEdge(Graph,int)>/Graph.addEdge/0	<Graph: EdgeIfc addEdge(Vertex,Vertex,int)>
Edge	<Graph$Comparator3: int compare(EdgeIfc,EdgeIfc)>/EdgeIfc.getWeight/0	<Edge: int getWeight()>
Neighbor	<Graph$Comparator3: int compare(EdgeIfc,EdgeIfc)>/EdgeIfc.getWeight/0	<Neighbor: int getWeight()>
Vertex	<Graph$Comparator3: int compare(EdgeIfc,EdgeIfc)>/EdgeIfc.getWeight/0	<Vertex: int getWeight()>
Edge	<Graph$Comparator3: int compare(EdgeIfc,EdgeIfc)>/EdgeIfc.getWeight/1	<Edge: int getWeight()>
Neighbor	<Graph$Comparator3: int compare(EdgeIfc,EdgeIfc)>/EdgeIfc.getWeight/1	<Neighbor: int getWeight()>
Vertex	<Graph$Comparator3: int compare(EdgeIfc,EdgeIfc)>/EdgeIfc.getWeight/1	<Vertex: int getWeight()>
Edge	<Graph$Comparator3: int compare(EdgeIfc,EdgeIfc)>/EdgeIfc.getWeight/2	<Edge: int getWeight()>
Neighbor	<Graph$Comparator3: int compare(EdgeIfc,EdgeIfc)>/EdgeIfc.getWeight/2	<Neighbor: int getWeight()>
Vertex	<Graph$Comparator3: int compare(EdgeIfc,EdgeIfc)>/EdgeIfc.getWeight/2	<Vertex: int getWeight()>
Edge	<Graph$Comparator3: int compare(EdgeIfc,EdgeIfc)>/EdgeIfc.getWeight/3	<Edge: int getWeight()>
Neighbor	<Graph$Comparator3: int compare(EdgeIfc,EdgeIfc)>/EdgeIfc.getWeight/3	<Neighbor: int getWeight()>
Vertex	<Graph$Comparator3: int compare(EdgeIfc,EdgeIfc)>/EdgeIfc.getWeight/3	<Vertex: int getWeight()>
Graph$Comparator3	<Graph$Comparator3: int compare(java.lang.Object,java.lang.Object)>/Graph$Comparator3.compare/0	<Graph$Comparator3: int compare(EdgeIfc,EdgeIfc)>
java.io.PrintStream	<Neighbor: void display()>/java.io.PrintStream.print/0	<java.io.PrintStream: void print(java.lang.String)>
Vertex	<Graph: EdgeIfc addEdge(Vertex,Vertex,int)>/Vertex.addAdjacent/0	<Vertex: void addAdjacent(Vertex)>
Vertex	<Graph: EdgeIfc addEdge(Vertex,Vertex,int)>/Vertex.addAdjacent/1	<Vertex: void addAdjacent(Vertex)>
Vertex	<Graph: EdgeIfc addEdge(Vertex,Vertex,int)>/Vertex.setWeight/0	<Vertex: void setWeight(int)>
Vertex	<Graph: EdgeIfc addEdge(Vertex,Vertex,int)>/Vertex.addWeight/0	<Vertex: void addWeight(int)>
Vertex	<Graph: void addEdge(Vertex,Neighbor)>/Vertex.addEdge/0	<Vertex: void addEdge(Neighbor)>
Vertex	<Graph: void addEdge(Vertex,Neighbor)>/Vertex.addEdge/1	<Vertex: void addEdge(Neighbor)>
Graph	<Graph: Vertex findsVertex(java.lang.String)>/Graph.getVertices/0	<Graph: VertexIter getVertices()>
Vertex$VertexIter3	<Graph: Vertex findsVertex(java.lang.String)>/VertexIter.next/0	<Vertex$VertexIter3: Vertex next()>
Vertex$VertexIter2	<Graph: Vertex findsVertex(java.lang.String)>/VertexIter.next/0	<Vertex$VertexIter2: Vertex next()>
VertexIter	<Graph: Vertex findsVertex(java.lang.String)>/VertexIter.next/0	<VertexIter: Vertex next()>
Vertex$VertexIter1	<Graph: Vertex findsVertex(java.lang.String)>/VertexIter.next/0	<Vertex$VertexIter1: Vertex next()>
Vertex	<Graph: Vertex findsVertex(java.lang.String)>/Vertex.getName/0	<Vertex: java.lang.String getName()>
Vertex$VertexIter3	<Graph: Vertex findsVertex(java.lang.String)>/VertexIter.hasNext/0	<Vertex$VertexIter3: boolean hasNext()>
Vertex$VertexIter2	<Graph: Vertex findsVertex(java.lang.String)>/VertexIter.hasNext/0	<Vertex$VertexIter2: boolean hasNext()>
VertexIter	<Graph: Vertex findsVertex(java.lang.String)>/VertexIter.hasNext/0	<VertexIter: boolean hasNext()>
Vertex$VertexIter1	<Graph: Vertex findsVertex(java.lang.String)>/VertexIter.hasNext/0	<Vertex$VertexIter1: boolean hasNext()>
java.io.PrintStream	<Graph: void display()>/java.io.PrintStream.println/0	<java.io.PrintStream: void println(java.lang.String)>
java.io.PrintStream	<Graph: void display()>/java.io.PrintStream.println/1	<java.io.PrintStream: void println(java.lang.String)>
Vertex	<Graph: void display()>/Vertex.display/0	<Vertex: void display()>
java.io.PrintStream	<Graph: void display()>/java.io.PrintStream.println/2	<java.io.PrintStream: void println(java.lang.String)>
java.io.PrintStream	<Graph: void display()>/java.io.PrintStream.println/3	<java.io.PrintStream: void println(java.lang.String)>
Graph	<Graph: void display()>/Graph.getEdges/0	<Graph: EdgeIter getEdges()>
Graph$EdgeIter1	<Graph: void display()>/EdgeIter.next/0	<Graph$EdgeIter1: EdgeIfc next()>
EdgeIter	<Graph: void display()>/EdgeIter.next/0	<EdgeIter: EdgeIfc next()>
Vertex$EdgeIter1	<Graph: void display()>/EdgeIter.next/0	<Vertex$EdgeIter1: EdgeIfc next()>
Vertex$EdgeIter2	<Graph: void display()>/EdgeIter.next/0	<Vertex$EdgeIter2: EdgeIfc next()>
Vertex$EdgeIter3	<Graph: void display()>/EdgeIter.next/0	<Vertex$EdgeIter3: EdgeIfc next()>
Edge	<Graph: void display()>/EdgeIfc.display/0	<Edge: void display()>
Neighbor	<Graph: void display()>/EdgeIfc.display/0	<Neighbor: void display()>
Vertex	<Graph: void display()>/EdgeIfc.display/0	<Vertex: void display()>
Graph$EdgeIter1	<Graph: void display()>/EdgeIter.hasNext/0	<Graph$EdgeIter1: boolean hasNext()>
EdgeIter	<Graph: void display()>/EdgeIter.hasNext/0	<EdgeIter: boolean hasNext()>
Vertex$EdgeIter1	<Graph: void display()>/EdgeIter.hasNext/0	<Vertex$EdgeIter1: boolean hasNext()>
Vertex$EdgeIter2	<Graph: void display()>/EdgeIter.hasNext/0	<Vertex$EdgeIter2: boolean hasNext()>
Vertex$EdgeIter3	<Graph: void display()>/EdgeIter.hasNext/0	<Vertex$EdgeIter3: boolean hasNext()>
java.io.PrintStream	<Graph: void display()>/java.io.PrintStream.println/4	<java.io.PrintStream: void println(java.lang.String)>
java.util.LinkedList	<Graph: void addVertex(Vertex)>/java.util.LinkedList.add/0	<java.util.LinkedList: boolean add(java.lang.Object)>
java.io.PrintStream	<Graph: void runBenchmark(java.lang.String)>/java.io.PrintStream.println/0	<java.io.PrintStream: void println(java.lang.String)>
java.io.Reader	<Graph: void stopBenchmark()>/java.io.Reader.close/0	<java.io.Reader: void close()>
java.io.PrintStream	<Graph: void endProfile()>/java.io.PrintStream.println/0	<java.io.PrintStream: void println(java.lang.String)>
Graph	<Graph: void run(Vertex)>/Graph.connectedComponents/0	<Graph: void connectedComponents()>
Graph	<Graph: void run(Vertex)>/Graph.cycleCheck/0	<Graph: boolean cycleCheck()>
java.io.PrintStream	<Graph: void run(Vertex)>/java.io.PrintStream.println/0	<java.io.PrintStream: void println(java.lang.String)>
Graph	<Graph: void run(Vertex)>/Graph.kruskal/0	<Graph: Graph kruskal()>
Graph	<Graph: void run(Vertex)>/Graph.display/0	<Graph: void display()>
Graph	<Graph: void run(Vertex)>/Graph.prim/0	<Graph: Graph prim(Vertex)>
Graph	<Graph: void run(Vertex)>/Graph.display/1	<Graph: void display()>
Graph	<Graph: void run(Vertex)>/Graph.numberVertices/0	<Graph: void numberVertices()>
Graph	<Graph: void run(Vertex)>/Graph.strongComponents/0	<Graph: Graph strongComponents()>
Graph	<Graph: void run(Vertex)>/Graph.display/2	<Graph: void display()>
Vertex	<Graph: EdgeIfc findsEdge(Vertex,Vertex)>/Vertex.getEdges/0	<Vertex: EdgeIter getEdges()>
Graph$EdgeIter1	<Graph: EdgeIfc findsEdge(Vertex,Vertex)>/EdgeIter.next/0	<Graph$EdgeIter1: EdgeIfc next()>
EdgeIter	<Graph: EdgeIfc findsEdge(Vertex,Vertex)>/EdgeIter.next/0	<EdgeIter: EdgeIfc next()>
Vertex$EdgeIter1	<Graph: EdgeIfc findsEdge(Vertex,Vertex)>/EdgeIter.next/0	<Vertex$EdgeIter1: EdgeIfc next()>
Vertex$EdgeIter2	<Graph: EdgeIfc findsEdge(Vertex,Vertex)>/EdgeIter.next/0	<Vertex$EdgeIter2: EdgeIfc next()>
Vertex$EdgeIter3	<Graph: EdgeIfc findsEdge(Vertex,Vertex)>/EdgeIter.next/0	<Vertex$EdgeIter3: EdgeIfc next()>
Edge	<Graph: EdgeIfc findsEdge(Vertex,Vertex)>/EdgeIfc.getOtherVertex/0	<Edge: Vertex getOtherVertex(Vertex)>
Neighbor	<Graph: EdgeIfc findsEdge(Vertex,Vertex)>/EdgeIfc.getOtherVertex/0	<Neighbor: Vertex getOtherVertex(Vertex)>
Vertex	<Graph: EdgeIfc findsEdge(Vertex,Vertex)>/EdgeIfc.getOtherVertex/0	<Vertex: Vertex getOtherVertex(Vertex)>
Vertex	<Graph: EdgeIfc findsEdge(Vertex,Vertex)>/Vertex.getName/0	<Vertex: java.lang.String getName()>
Vertex	<Graph: EdgeIfc findsEdge(Vertex,Vertex)>/Vertex.getName/1	<Vertex: java.lang.String getName()>
Vertex	<Graph: EdgeIfc findsEdge(Vertex,Vertex)>/Vertex.getName/2	<Vertex: java.lang.String getName()>
Vertex	<Graph: EdgeIfc findsEdge(Vertex,Vertex)>/Vertex.getName/3	<Vertex: java.lang.String getName()>
Vertex	<Graph: EdgeIfc findsEdge(Vertex,Vertex)>/Vertex.getName/4	<Vertex: java.lang.String getName()>
Vertex	<Graph: EdgeIfc findsEdge(Vertex,Vertex)>/Vertex.getName/5	<Vertex: java.lang.String getName()>
Vertex	<Graph: EdgeIfc findsEdge(Vertex,Vertex)>/Vertex.getName/6	<Vertex: java.lang.String getName()>
Vertex	<Graph: EdgeIfc findsEdge(Vertex,Vertex)>/Vertex.getName/7	<Vertex: java.lang.String getName()>
Graph$EdgeIter1	<Graph: EdgeIfc findsEdge(Vertex,Vertex)>/EdgeIter.hasNext/0	<Graph$EdgeIter1: boolean hasNext()>
EdgeIter	<Graph: EdgeIfc findsEdge(Vertex,Vertex)>/EdgeIter.hasNext/0	<EdgeIter: boolean hasNext()>
Vertex$EdgeIter1	<Graph: EdgeIfc findsEdge(Vertex,Vertex)>/EdgeIter.hasNext/0	<Vertex$EdgeIter1: boolean hasNext()>
Vertex$EdgeIter2	<Graph: EdgeIfc findsEdge(Vertex,Vertex)>/EdgeIter.hasNext/0	<Vertex$EdgeIter2: boolean hasNext()>
Vertex$EdgeIter3	<Graph: EdgeIfc findsEdge(Vertex,Vertex)>/EdgeIter.hasNext/0	<Vertex$EdgeIter3: boolean hasNext()>
Graph	<Graph: void graphSearch(WorkSpace)>/Graph.getVertices/0	<Graph: VertexIter getVertices()>
Vertex$VertexIter3	<Graph: void graphSearch(WorkSpace)>/VertexIter.hasNext/0	<Vertex$VertexIter3: boolean hasNext()>
Vertex$VertexIter2	<Graph: void graphSearch(WorkSpace)>/VertexIter.hasNext/0	<Vertex$VertexIter2: boolean hasNext()>
VertexIter	<Graph: void graphSearch(WorkSpace)>/VertexIter.hasNext/0	<VertexIter: boolean hasNext()>
Vertex$VertexIter1	<Graph: void graphSearch(WorkSpace)>/VertexIter.hasNext/0	<Vertex$VertexIter1: boolean hasNext()>
Vertex$VertexIter3	<Graph: void graphSearch(WorkSpace)>/VertexIter.next/0	<Vertex$VertexIter3: Vertex next()>
Vertex$VertexIter2	<Graph: void graphSearch(WorkSpace)>/VertexIter.next/0	<Vertex$VertexIter2: Vertex next()>
VertexIter	<Graph: void graphSearch(WorkSpace)>/VertexIter.next/0	<VertexIter: Vertex next()>
Vertex$VertexIter1	<Graph: void graphSearch(WorkSpace)>/VertexIter.next/0	<Vertex$VertexIter1: Vertex next()>
Vertex	<Graph: void graphSearch(WorkSpace)>/Vertex.init_vertex/0	<Vertex: void init_vertex(WorkSpace)>
Vertex$VertexIter3	<Graph: void graphSearch(WorkSpace)>/VertexIter.hasNext/1	<Vertex$VertexIter3: boolean hasNext()>
Vertex$VertexIter2	<Graph: void graphSearch(WorkSpace)>/VertexIter.hasNext/1	<Vertex$VertexIter2: boolean hasNext()>
VertexIter	<Graph: void graphSearch(WorkSpace)>/VertexIter.hasNext/1	<VertexIter: boolean hasNext()>
Vertex$VertexIter1	<Graph: void graphSearch(WorkSpace)>/VertexIter.hasNext/1	<Vertex$VertexIter1: boolean hasNext()>
Graph	<Graph: void graphSearch(WorkSpace)>/Graph.getVertices/1	<Graph: VertexIter getVertices()>
Vertex$VertexIter3	<Graph: void graphSearch(WorkSpace)>/VertexIter.next/1	<Vertex$VertexIter3: Vertex next()>
Vertex$VertexIter2	<Graph: void graphSearch(WorkSpace)>/VertexIter.next/1	<Vertex$VertexIter2: Vertex next()>
VertexIter	<Graph: void graphSearch(WorkSpace)>/VertexIter.next/1	<VertexIter: Vertex next()>
Vertex$VertexIter1	<Graph: void graphSearch(WorkSpace)>/VertexIter.next/1	<Vertex$VertexIter1: Vertex next()>
RegionWorkSpace	<Graph: void graphSearch(WorkSpace)>/WorkSpace.nextRegionAction/0	<RegionWorkSpace: void nextRegionAction(Vertex)>
FinishTimeWorkSpace	<Graph: void graphSearch(WorkSpace)>/WorkSpace.nextRegionAction/0	<WorkSpace: void nextRegionAction(Vertex)>
WorkSpaceTranspose	<Graph: void graphSearch(WorkSpace)>/WorkSpace.nextRegionAction/0	<WorkSpaceTranspose: void nextRegionAction(Vertex)>
CycleWorkSpace	<Graph: void graphSearch(WorkSpace)>/WorkSpace.nextRegionAction/0	<WorkSpace: void nextRegionAction(Vertex)>
NumberWorkSpace	<Graph: void graphSearch(WorkSpace)>/WorkSpace.nextRegionAction/0	<WorkSpace: void nextRegionAction(Vertex)>
WorkSpace	<Graph: void graphSearch(WorkSpace)>/WorkSpace.nextRegionAction/0	<WorkSpace: void nextRegionAction(Vertex)>
Vertex	<Graph: void graphSearch(WorkSpace)>/Vertex.nodeSearch/0	<Vertex: void nodeSearch(WorkSpace)>
Vertex$VertexIter3	<Graph: void graphSearch(WorkSpace)>/VertexIter.hasNext/2	<Vertex$VertexIter3: boolean hasNext()>
Vertex$VertexIter2	<Graph: void graphSearch(WorkSpace)>/VertexIter.hasNext/2	<Vertex$VertexIter2: boolean hasNext()>
VertexIter	<Graph: void graphSearch(WorkSpace)>/VertexIter.hasNext/2	<VertexIter: boolean hasNext()>
Vertex$VertexIter1	<Graph: void graphSearch(WorkSpace)>/VertexIter.hasNext/2	<Vertex$VertexIter1: boolean hasNext()>
Graph	<Graph: void numberVertices()>/Graph.graphSearch/0	<Graph: void graphSearch(WorkSpace)>
Graph	<Graph: void connectedComponents()>/Graph.graphSearch/0	<Graph: void graphSearch(WorkSpace)>
Graph	<Graph: Graph strongComponents()>/Graph.graphSearch/0	<Graph: void graphSearch(WorkSpace)>
Graph	<Graph: Graph strongComponents()>/Graph.sortVertices/0	<Graph: void sortVertices(java.util.Comparator)>
Graph	<Graph: Graph strongComponents()>/Graph.computeTranspose/0	<Graph: Graph computeTranspose(Graph)>
Graph	<Graph: Graph strongComponents()>/Graph.graphSearch/1	<Graph: void graphSearch(WorkSpace)>
Graph	<Graph: Graph computeTranspose(Graph)>/Graph.getVertices/0	<Graph: VertexIter getVertices()>
Vertex$VertexIter3	<Graph: Graph computeTranspose(Graph)>/VertexIter.next/0	<Vertex$VertexIter3: Vertex next()>
Vertex$VertexIter2	<Graph: Graph computeTranspose(Graph)>/VertexIter.next/0	<Vertex$VertexIter2: Vertex next()>
VertexIter	<Graph: Graph computeTranspose(Graph)>/VertexIter.next/0	<VertexIter: Vertex next()>
Vertex$VertexIter1	<Graph: Graph computeTranspose(Graph)>/VertexIter.next/0	<Vertex$VertexIter1: Vertex next()>
Vertex	<Graph: Graph computeTranspose(Graph)>/Vertex.getName/0	<Vertex: java.lang.String getName()>
Vertex	<Graph: Graph computeTranspose(Graph)>/Vertex.assignName/0	<Vertex: Vertex assignName(java.lang.String)>
Graph	<Graph: Graph computeTranspose(Graph)>/Graph.addVertex/0	<Graph: void addVertex(Vertex)>
Vertex$VertexIter3	<Graph: Graph computeTranspose(Graph)>/VertexIter.hasNext/0	<Vertex$VertexIter3: boolean hasNext()>
Vertex$VertexIter2	<Graph: Graph computeTranspose(Graph)>/VertexIter.hasNext/0	<Vertex$VertexIter2: boolean hasNext()>
VertexIter	<Graph: Graph computeTranspose(Graph)>/VertexIter.hasNext/0	<VertexIter: boolean hasNext()>
Vertex$VertexIter1	<Graph: Graph computeTranspose(Graph)>/VertexIter.hasNext/0	<Vertex$VertexIter1: boolean hasNext()>
Graph	<Graph: Graph computeTranspose(Graph)>/Graph.getVertices/1	<Graph: VertexIter getVertices()>
Graph	<Graph: Graph computeTranspose(Graph)>/Graph.getVertices/2	<Graph: VertexIter getVertices()>
Vertex$VertexIter3	<Graph: Graph computeTranspose(Graph)>/VertexIter.next/1	<Vertex$VertexIter3: Vertex next()>
Vertex$VertexIter2	<Graph: Graph computeTranspose(Graph)>/VertexIter.next/1	<Vertex$VertexIter2: Vertex next()>
VertexIter	<Graph: Graph computeTranspose(Graph)>/VertexIter.next/1	<VertexIter: Vertex next()>
Vertex$VertexIter1	<Graph: Graph computeTranspose(Graph)>/VertexIter.next/1	<Vertex$VertexIter1: Vertex next()>
Vertex$VertexIter3	<Graph: Graph computeTranspose(Graph)>/VertexIter.next/2	<Vertex$VertexIter3: Vertex next()>
Vertex$VertexIter2	<Graph: Graph computeTranspose(Graph)>/VertexIter.next/2	<Vertex$VertexIter2: Vertex next()>
VertexIter	<Graph: Graph computeTranspose(Graph)>/VertexIter.next/2	<VertexIter: Vertex next()>
Vertex$VertexIter1	<Graph: Graph computeTranspose(Graph)>/VertexIter.next/2	<Vertex$VertexIter1: Vertex next()>
Vertex	<Graph: Graph computeTranspose(Graph)>/Vertex.getNeighbors/0	<Vertex: VertexIter getNeighbors()>
Vertex$VertexIter3	<Graph: Graph computeTranspose(Graph)>/VertexIter.next/3	<Vertex$VertexIter3: Vertex next()>
Vertex$VertexIter2	<Graph: Graph computeTranspose(Graph)>/VertexIter.next/3	<Vertex$VertexIter2: Vertex next()>
VertexIter	<Graph: Graph computeTranspose(Graph)>/VertexIter.next/3	<VertexIter: Vertex next()>
Vertex$VertexIter1	<Graph: Graph computeTranspose(Graph)>/VertexIter.next/3	<Vertex$VertexIter1: Vertex next()>
Vertex	<Graph: Graph computeTranspose(Graph)>/Vertex.getName/1	<Vertex: java.lang.String getName()>
Graph	<Graph: Graph computeTranspose(Graph)>/Graph.addEdge/0	<Graph: EdgeIfc addEdge(Vertex,Vertex,int)>
Vertex$VertexIter3	<Graph: Graph computeTranspose(Graph)>/VertexIter.hasNext/1	<Vertex$VertexIter3: boolean hasNext()>
Vertex$VertexIter2	<Graph: Graph computeTranspose(Graph)>/VertexIter.hasNext/1	<Vertex$VertexIter2: boolean hasNext()>
VertexIter	<Graph: Graph computeTranspose(Graph)>/VertexIter.hasNext/1	<VertexIter: boolean hasNext()>
Vertex$VertexIter1	<Graph: Graph computeTranspose(Graph)>/VertexIter.hasNext/1	<Vertex$VertexIter1: boolean hasNext()>
Vertex$VertexIter3	<Graph: Graph computeTranspose(Graph)>/VertexIter.hasNext/2	<Vertex$VertexIter3: boolean hasNext()>
Vertex$VertexIter2	<Graph: Graph computeTranspose(Graph)>/VertexIter.hasNext/2	<Vertex$VertexIter2: boolean hasNext()>
VertexIter	<Graph: Graph computeTranspose(Graph)>/VertexIter.hasNext/2	<VertexIter: boolean hasNext()>
Vertex$VertexIter1	<Graph: Graph computeTranspose(Graph)>/VertexIter.hasNext/2	<Vertex$VertexIter1: boolean hasNext()>
Graph	<Graph: boolean cycleCheck()>/Graph.graphSearch/0	<Graph: void graphSearch(WorkSpace)>
Graph	<Graph: Graph kruskal()>/Graph.getVertices/0	<Graph: VertexIter getVertices()>
Vertex$VertexIter3	<Graph: Graph kruskal()>/VertexIter.next/0	<Vertex$VertexIter3: Vertex next()>
Vertex$VertexIter2	<Graph: Graph kruskal()>/VertexIter.next/0	<Vertex$VertexIter2: Vertex next()>
VertexIter	<Graph: Graph kruskal()>/VertexIter.next/0	<VertexIter: Vertex next()>
Vertex$VertexIter1	<Graph: Graph kruskal()>/VertexIter.next/0	<Vertex$VertexIter1: Vertex next()>
Vertex$VertexIter3	<Graph: Graph kruskal()>/VertexIter.hasNext/0	<Vertex$VertexIter3: boolean hasNext()>
Vertex$VertexIter2	<Graph: Graph kruskal()>/VertexIter.hasNext/0	<Vertex$VertexIter2: boolean hasNext()>
VertexIter	<Graph: Graph kruskal()>/VertexIter.hasNext/0	<VertexIter: boolean hasNext()>
Vertex$VertexIter1	<Graph: Graph kruskal()>/VertexIter.hasNext/0	<Vertex$VertexIter1: boolean hasNext()>
Graph	<Graph: Graph kruskal()>/Graph.getEdges/0	<Graph: EdgeIter getEdges()>
Graph	<Graph: Graph kruskal()>/Graph.sortEdges/0	<Graph: void sortEdges(java.util.Comparator)>
Graph	<Graph: Graph kruskal()>/Graph.getEdges/1	<Graph: EdgeIter getEdges()>
Graph$EdgeIter1	<Graph: Graph kruskal()>/EdgeIter.next/0	<Graph$EdgeIter1: EdgeIfc next()>
EdgeIter	<Graph: Graph kruskal()>/EdgeIter.next/0	<EdgeIter: EdgeIfc next()>
Vertex$EdgeIter1	<Graph: Graph kruskal()>/EdgeIter.next/0	<Vertex$EdgeIter1: EdgeIfc next()>
Vertex$EdgeIter2	<Graph: Graph kruskal()>/EdgeIter.next/0	<Vertex$EdgeIter2: EdgeIfc next()>
Vertex$EdgeIter3	<Graph: Graph kruskal()>/EdgeIter.next/0	<Vertex$EdgeIter3: EdgeIfc next()>
Edge	<Graph: Graph kruskal()>/EdgeIfc.getStart/0	<Edge: Vertex getStart()>
Neighbor	<Graph: Graph kruskal()>/EdgeIfc.getStart/0	<Neighbor: Vertex getStart()>
Vertex	<Graph: Graph kruskal()>/EdgeIfc.getStart/0	<Vertex: Vertex getStart()>
Edge	<Graph: Graph kruskal()>/EdgeIfc.getEnd/0	<Edge: Vertex getEnd()>
Neighbor	<Graph: Graph kruskal()>/EdgeIfc.getEnd/0	<Neighbor: Vertex getEnd()>
Vertex	<Graph: Graph kruskal()>/EdgeIfc.getEnd/0	<Vertex: Vertex getEnd()>
Vertex	<Graph: Graph kruskal()>/Vertex.getName/0	<Vertex: java.lang.String getName()>
Vertex	<Graph: Graph kruskal()>/Vertex.getName/1	<Vertex: java.lang.String getName()>
java.util.LinkedList	<Graph: Graph kruskal()>/java.util.LinkedList.add/0	<java.util.LinkedList: boolean add(java.lang.Object)>
java.util.LinkedList	<Graph: Graph kruskal()>/java.util.LinkedList.add/1	<java.util.LinkedList: boolean add(java.lang.Object)>
java.util.LinkedList	<Graph: Graph kruskal()>/java.util.LinkedList.add/2	<java.util.LinkedList: boolean add(java.lang.Object)>
java.util.LinkedList	<Graph: Graph kruskal()>/java.util.LinkedList.add/3	<java.util.LinkedList: boolean add(java.lang.Object)>
java.util.LinkedList	<Graph: Graph kruskal()>/java.util.LinkedList.clear/0	<java.util.LinkedList: void clear()>
java.util.LinkedList	<Graph: Graph kruskal()>/java.util.LinkedList.add/4	<java.util.LinkedList: boolean add(java.lang.Object)>
java.util.LinkedList	<Graph: Graph kruskal()>/java.util.LinkedList.add/5	<java.util.LinkedList: boolean add(java.lang.Object)>
java.util.LinkedList	<Graph: Graph kruskal()>/java.util.LinkedList.add/6	<java.util.LinkedList: boolean add(java.lang.Object)>
java.util.LinkedList	<Graph: Graph kruskal()>/java.util.LinkedList.clear/1	<java.util.LinkedList: void clear()>
Graph$EdgeIter1	<Graph: Graph kruskal()>/EdgeIter.hasNext/0	<Graph$EdgeIter1: boolean hasNext()>
EdgeIter	<Graph: Graph kruskal()>/EdgeIter.hasNext/0	<EdgeIter: boolean hasNext()>
Vertex$EdgeIter1	<Graph: Graph kruskal()>/EdgeIter.hasNext/0	<Vertex$EdgeIter1: boolean hasNext()>
Vertex$EdgeIter2	<Graph: Graph kruskal()>/EdgeIter.hasNext/0	<Vertex$EdgeIter2: boolean hasNext()>
Vertex$EdgeIter3	<Graph: Graph kruskal()>/EdgeIter.hasNext/0	<Vertex$EdgeIter3: boolean hasNext()>
Graph	<Graph: Graph kruskal()>/Graph.getVertices/1	<Graph: VertexIter getVertices()>
Vertex$VertexIter3	<Graph: Graph kruskal()>/VertexIter.next/1	<Vertex$VertexIter3: Vertex next()>
Vertex$VertexIter2	<Graph: Graph kruskal()>/VertexIter.next/1	<Vertex$VertexIter2: Vertex next()>
VertexIter	<Graph: Graph kruskal()>/VertexIter.next/1	<VertexIter: Vertex next()>
Vertex$VertexIter1	<Graph: Graph kruskal()>/VertexIter.next/1	<Vertex$VertexIter1: Vertex next()>
Vertex	<Graph: Graph kruskal()>/Vertex.getName/2	<Vertex: java.lang.String getName()>
Vertex	<Graph: Graph kruskal()>/Vertex.assignName/0	<Vertex: Vertex assignName(java.lang.String)>
Graph	<Graph: Graph kruskal()>/Graph.addVertex/0	<Graph: void addVertex(Vertex)>
Vertex$VertexIter3	<Graph: Graph kruskal()>/VertexIter.hasNext/1	<Vertex$VertexIter3: boolean hasNext()>
Vertex$VertexIter2	<Graph: Graph kruskal()>/VertexIter.hasNext/1	<Vertex$VertexIter2: boolean hasNext()>
VertexIter	<Graph: Graph kruskal()>/VertexIter.hasNext/1	<VertexIter: boolean hasNext()>
Vertex$VertexIter1	<Graph: Graph kruskal()>/VertexIter.hasNext/1	<Vertex$VertexIter1: boolean hasNext()>
Edge	<Graph: Graph kruskal()>/EdgeIfc.getStart/1	<Edge: Vertex getStart()>
Neighbor	<Graph: Graph kruskal()>/EdgeIfc.getStart/1	<Neighbor: Vertex getStart()>
Vertex	<Graph: Graph kruskal()>/EdgeIfc.getStart/1	<Vertex: Vertex getStart()>
Edge	<Graph: Graph kruskal()>/EdgeIfc.getEnd/1	<Edge: Vertex getEnd()>
Neighbor	<Graph: Graph kruskal()>/EdgeIfc.getEnd/1	<Neighbor: Vertex getEnd()>
Vertex	<Graph: Graph kruskal()>/EdgeIfc.getEnd/1	<Vertex: Vertex getEnd()>
Vertex	<Graph: Graph kruskal()>/Vertex.getName/3	<Vertex: java.lang.String getName()>
Graph	<Graph: Graph kruskal()>/Graph.findsVertex/0	<Graph: Vertex findsVertex(java.lang.String)>
Vertex	<Graph: Graph kruskal()>/Vertex.getName/4	<Vertex: java.lang.String getName()>
Graph	<Graph: Graph kruskal()>/Graph.findsVertex/1	<Graph: Vertex findsVertex(java.lang.String)>
Edge	<Graph: Graph kruskal()>/EdgeIfc.getWeight/0	<Edge: int getWeight()>
Neighbor	<Graph: Graph kruskal()>/EdgeIfc.getWeight/0	<Neighbor: int getWeight()>
Vertex	<Graph: Graph kruskal()>/EdgeIfc.getWeight/0	<Vertex: int getWeight()>
Graph	<Graph: Graph kruskal()>/Graph.addEdge/0	<Graph: EdgeIfc addEdge(Vertex,Vertex,int)>
Edge	<Graph: Graph kruskal()>/EdgeIfc.adjustAdorns/0	<Edge: void adjustAdorns(EdgeIfc)>
Neighbor	<Graph: Graph kruskal()>/EdgeIfc.adjustAdorns/0	<Neighbor: void adjustAdorns(EdgeIfc)>
Vertex	<Graph: Graph kruskal()>/EdgeIfc.adjustAdorns/0	<Vertex: void adjustAdorns(EdgeIfc)>
Graph	<Graph: Graph prim(Vertex)>/Graph.getVertices/0	<Graph: VertexIter getVertices()>
Vertex$VertexIter3	<Graph: Graph prim(Vertex)>/VertexIter.next/0	<Vertex$VertexIter3: Vertex next()>
Vertex$VertexIter2	<Graph: Graph prim(Vertex)>/VertexIter.next/0	<Vertex$VertexIter2: Vertex next()>
VertexIter	<Graph: Graph prim(Vertex)>/VertexIter.next/0	<VertexIter: Vertex next()>
Vertex$VertexIter1	<Graph: Graph prim(Vertex)>/VertexIter.next/0	<Vertex$VertexIter1: Vertex next()>
Vertex$VertexIter3	<Graph: Graph prim(Vertex)>/VertexIter.hasNext/0	<Vertex$VertexIter3: boolean hasNext()>
Vertex$VertexIter2	<Graph: Graph prim(Vertex)>/VertexIter.hasNext/0	<Vertex$VertexIter2: boolean hasNext()>
VertexIter	<Graph: Graph prim(Vertex)>/VertexIter.hasNext/0	<VertexIter: boolean hasNext()>
Vertex$VertexIter1	<Graph: Graph prim(Vertex)>/VertexIter.hasNext/0	<Vertex$VertexIter1: boolean hasNext()>
java.util.LinkedList	<Graph: Graph prim(Vertex)>/java.util.LinkedList.add/0	<java.util.LinkedList: boolean add(java.lang.Object)>
Vertex	<Graph: Graph prim(Vertex)>/Vertex.getName/0	<Vertex: java.lang.String getName()>
Graph	<Graph: Graph prim(Vertex)>/Graph.getVertices/1	<Graph: VertexIter getVertices()>
Vertex$VertexIter3	<Graph: Graph prim(Vertex)>/VertexIter.next/1	<Vertex$VertexIter3: Vertex next()>
Vertex$VertexIter2	<Graph: Graph prim(Vertex)>/VertexIter.next/1	<Vertex$VertexIter2: Vertex next()>
VertexIter	<Graph: Graph prim(Vertex)>/VertexIter.next/1	<VertexIter: Vertex next()>
Vertex$VertexIter1	<Graph: Graph prim(Vertex)>/VertexIter.next/1	<Vertex$VertexIter1: Vertex next()>
java.util.LinkedList	<Graph: Graph prim(Vertex)>/java.util.LinkedList.add/1	<java.util.LinkedList: boolean add(java.lang.Object)>
Vertex	<Graph: Graph prim(Vertex)>/Vertex.getName/1	<Vertex: java.lang.String getName()>
Vertex$VertexIter3	<Graph: Graph prim(Vertex)>/VertexIter.hasNext/1	<Vertex$VertexIter3: boolean hasNext()>
Vertex$VertexIter2	<Graph: Graph prim(Vertex)>/VertexIter.hasNext/1	<Vertex$VertexIter2: boolean hasNext()>
VertexIter	<Graph: Graph prim(Vertex)>/VertexIter.hasNext/1	<VertexIter: boolean hasNext()>
Vertex$VertexIter1	<Graph: Graph prim(Vertex)>/VertexIter.hasNext/1	<Vertex$VertexIter1: boolean hasNext()>
Vertex	<Graph: Graph prim(Vertex)>/Vertex.getName/2	<Vertex: java.lang.String getName()>
Vertex	<Graph: Graph prim(Vertex)>/Vertex.getNeighborsObj/0	<Vertex: java.util.LinkedList getNeighborsObj()>
Vertex	<Graph: Graph prim(Vertex)>/Vertex.getEdges/0	<Vertex: EdgeIter getEdges()>
Graph$EdgeIter1	<Graph: Graph prim(Vertex)>/EdgeIter.next/0	<Graph$EdgeIter1: EdgeIfc next()>
EdgeIter	<Graph: Graph prim(Vertex)>/EdgeIter.next/0	<EdgeIter: EdgeIfc next()>
Vertex$EdgeIter1	<Graph: Graph prim(Vertex)>/EdgeIter.next/0	<Vertex$EdgeIter1: EdgeIfc next()>
Vertex$EdgeIter2	<Graph: Graph prim(Vertex)>/EdgeIter.next/0	<Vertex$EdgeIter2: EdgeIfc next()>
Vertex$EdgeIter3	<Graph: Graph prim(Vertex)>/EdgeIter.next/0	<Vertex$EdgeIter3: EdgeIfc next()>
Edge	<Graph: Graph prim(Vertex)>/EdgeIfc.getOtherVertex/0	<Edge: Vertex getOtherVertex(Vertex)>
Neighbor	<Graph: Graph prim(Vertex)>/EdgeIfc.getOtherVertex/0	<Neighbor: Vertex getOtherVertex(Vertex)>
Vertex	<Graph: Graph prim(Vertex)>/EdgeIfc.getOtherVertex/0	<Vertex: Vertex getOtherVertex(Vertex)>
Vertex	<Graph: Graph prim(Vertex)>/Vertex.getName/3	<Vertex: java.lang.String getName()>
Edge	<Graph: Graph prim(Vertex)>/EdgeIfc.getWeight/0	<Edge: int getWeight()>
Neighbor	<Graph: Graph prim(Vertex)>/EdgeIfc.getWeight/0	<Neighbor: int getWeight()>
Vertex	<Graph: Graph prim(Vertex)>/EdgeIfc.getWeight/0	<Vertex: int getWeight()>
Vertex	<Graph: Graph prim(Vertex)>/Vertex.getName/4	<Vertex: java.lang.String getName()>
java.util.LinkedList	<Graph: Graph prim(Vertex)>/java.util.LinkedList.set/0	<java.util.LinkedList: java.lang.Object set(int,java.lang.Object)>
java.util.LinkedList	<Graph: Graph prim(Vertex)>/java.util.LinkedList.remove/0	<java.util.LinkedList: boolean remove(java.lang.Object)>
Vertex	<Graph: Graph prim(Vertex)>/Vertex.getName/5	<Vertex: java.lang.String getName()>
java.util.LinkedList	<Graph: Graph prim(Vertex)>/java.util.LinkedList.add/2	<java.util.LinkedList: void add(int,java.lang.Object)>
java.util.LinkedList	<Graph: Graph prim(Vertex)>/java.util.LinkedList.add/3	<java.util.LinkedList: void add(int,java.lang.Object)>
Vertex	<Graph: Graph prim(Vertex)>/Vertex.getName/6	<Vertex: java.lang.String getName()>
Graph$EdgeIter1	<Graph: Graph prim(Vertex)>/EdgeIter.hasNext/0	<Graph$EdgeIter1: boolean hasNext()>
EdgeIter	<Graph: Graph prim(Vertex)>/EdgeIter.hasNext/0	<EdgeIter: boolean hasNext()>
Vertex$EdgeIter1	<Graph: Graph prim(Vertex)>/EdgeIter.hasNext/0	<Vertex$EdgeIter1: boolean hasNext()>
Vertex$EdgeIter2	<Graph: Graph prim(Vertex)>/EdgeIter.hasNext/0	<Vertex$EdgeIter2: boolean hasNext()>
Vertex$EdgeIter3	<Graph: Graph prim(Vertex)>/EdgeIter.hasNext/0	<Vertex$EdgeIter3: boolean hasNext()>
Graph	<Graph: Graph prim(Vertex)>/Graph.getVertices/2	<Graph: VertexIter getVertices()>
Vertex$VertexIter3	<Graph: Graph prim(Vertex)>/VertexIter.next/2	<Vertex$VertexIter3: Vertex next()>
Vertex$VertexIter2	<Graph: Graph prim(Vertex)>/VertexIter.next/2	<Vertex$VertexIter2: Vertex next()>
VertexIter	<Graph: Graph prim(Vertex)>/VertexIter.next/2	<VertexIter: Vertex next()>
Vertex$VertexIter1	<Graph: Graph prim(Vertex)>/VertexIter.next/2	<Vertex$VertexIter1: Vertex next()>
Vertex	<Graph: Graph prim(Vertex)>/Vertex.assignName/0	<Vertex: Vertex assignName(java.lang.String)>
Graph	<Graph: Graph prim(Vertex)>/Graph.addVertex/0	<Graph: void addVertex(Vertex)>
Vertex$VertexIter3	<Graph: Graph prim(Vertex)>/VertexIter.hasNext/2	<Vertex$VertexIter3: boolean hasNext()>
Vertex$VertexIter2	<Graph: Graph prim(Vertex)>/VertexIter.hasNext/2	<Vertex$VertexIter2: boolean hasNext()>
VertexIter	<Graph: Graph prim(Vertex)>/VertexIter.hasNext/2	<VertexIter: boolean hasNext()>
Vertex$VertexIter1	<Graph: Graph prim(Vertex)>/VertexIter.hasNext/2	<Vertex$VertexIter1: boolean hasNext()>
Graph	<Graph: Graph prim(Vertex)>/Graph.getVertices/3	<Graph: VertexIter getVertices()>
Vertex$VertexIter3	<Graph: Graph prim(Vertex)>/VertexIter.next/3	<Vertex$VertexIter3: Vertex next()>
Vertex$VertexIter2	<Graph: Graph prim(Vertex)>/VertexIter.next/3	<Vertex$VertexIter2: Vertex next()>
VertexIter	<Graph: Graph prim(Vertex)>/VertexIter.next/3	<VertexIter: Vertex next()>
Vertex$VertexIter1	<Graph: Graph prim(Vertex)>/VertexIter.next/3	<Vertex$VertexIter1: Vertex next()>
Graph	<Graph: Graph prim(Vertex)>/Graph.findsVertex/0	<Graph: Vertex findsVertex(java.lang.String)>
Graph	<Graph: Graph prim(Vertex)>/Graph.findsVertex/1	<Graph: Vertex findsVertex(java.lang.String)>
Graph	<Graph: Graph prim(Vertex)>/Graph.findsVertex/2	<Graph: Vertex findsVertex(java.lang.String)>
Graph	<Graph: Graph prim(Vertex)>/Graph.addEdge/0	<Graph: EdgeIfc addEdge(Vertex,Vertex,int)>
Graph	<Graph: Graph prim(Vertex)>/Graph.findsEdge/0	<Graph: EdgeIfc findsEdge(Vertex,Vertex)>
Edge	<Graph: Graph prim(Vertex)>/EdgeIfc.adjustAdorns/0	<Edge: void adjustAdorns(EdgeIfc)>
Neighbor	<Graph: Graph prim(Vertex)>/EdgeIfc.adjustAdorns/0	<Neighbor: void adjustAdorns(EdgeIfc)>
Vertex	<Graph: Graph prim(Vertex)>/EdgeIfc.adjustAdorns/0	<Vertex: void adjustAdorns(EdgeIfc)>
Vertex$VertexIter3	<Graph: Graph prim(Vertex)>/VertexIter.hasNext/3	<Vertex$VertexIter3: boolean hasNext()>
Vertex$VertexIter2	<Graph: Graph prim(Vertex)>/VertexIter.hasNext/3	<Vertex$VertexIter2: boolean hasNext()>
VertexIter	<Graph: Graph prim(Vertex)>/VertexIter.hasNext/3	<VertexIter: boolean hasNext()>
Vertex$VertexIter1	<Graph: Graph prim(Vertex)>/VertexIter.hasNext/3	<Vertex$VertexIter1: boolean hasNext()>
java.util.LinkedList	<Vertex: void addAdjacent(Vertex)>/java.util.LinkedList.add/0	<java.util.LinkedList: boolean add(java.lang.Object)>
java.util.LinkedList	<Vertex: void adjustAdorns(Vertex,int)>/java.util.LinkedList.add/0	<java.util.LinkedList: boolean add(java.lang.Object)>
java.util.LinkedList	<Vertex: void addEdge(Neighbor)>/java.util.LinkedList.add/0	<java.util.LinkedList: boolean add(java.lang.Object)>
java.util.LinkedList	<Vertex: void addNeighbor(Neighbor)>/java.util.LinkedList.add/0	<java.util.LinkedList: boolean add(java.lang.Object)>
java.util.LinkedList	<Vertex: void addWeight(int)>/java.util.LinkedList.add/0	<java.util.LinkedList: boolean add(java.lang.Object)>
Vertex	<Vertex: void setWeight(int)>/Vertex.addWeight/0	<Vertex: void addWeight(int)>
Vertex	<Vertex: void setWeight(int)>/Vertex.addWeight/1	<Vertex: void addWeight(int)>
RegionWorkSpace	<Vertex: void init_vertex(WorkSpace)>/WorkSpace.init_vertex/0	<RegionWorkSpace: void init_vertex(Vertex)>
FinishTimeWorkSpace	<Vertex: void init_vertex(WorkSpace)>/WorkSpace.init_vertex/0	<WorkSpace: void init_vertex(Vertex)>
WorkSpaceTranspose	<Vertex: void init_vertex(WorkSpace)>/WorkSpace.init_vertex/0	<WorkSpace: void init_vertex(Vertex)>
CycleWorkSpace	<Vertex: void init_vertex(WorkSpace)>/WorkSpace.init_vertex/0	<CycleWorkSpace: void init_vertex(Vertex)>
NumberWorkSpace	<Vertex: void init_vertex(WorkSpace)>/WorkSpace.init_vertex/0	<WorkSpace: void init_vertex(Vertex)>
WorkSpace	<Vertex: void init_vertex(WorkSpace)>/WorkSpace.init_vertex/0	<WorkSpace: void init_vertex(Vertex)>
RegionWorkSpace	<Vertex: void nodeSearch(WorkSpace)>/WorkSpace.preVisitAction/0	<WorkSpace: void preVisitAction(Vertex)>
FinishTimeWorkSpace	<Vertex: void nodeSearch(WorkSpace)>/WorkSpace.preVisitAction/0	<FinishTimeWorkSpace: void preVisitAction(Vertex)>
WorkSpaceTranspose	<Vertex: void nodeSearch(WorkSpace)>/WorkSpace.preVisitAction/0	<WorkSpaceTranspose: void preVisitAction(Vertex)>
CycleWorkSpace	<Vertex: void nodeSearch(WorkSpace)>/WorkSpace.preVisitAction/0	<CycleWorkSpace: void preVisitAction(Vertex)>
NumberWorkSpace	<Vertex: void nodeSearch(WorkSpace)>/WorkSpace.preVisitAction/0	<NumberWorkSpace: void preVisitAction(Vertex)>
WorkSpace	<Vertex: void nodeSearch(WorkSpace)>/WorkSpace.preVisitAction/0	<WorkSpace: void preVisitAction(Vertex)>
Vertex	<Vertex: void nodeSearch(WorkSpace)>/Vertex.getNeighbors/0	<Vertex: VertexIter getNeighbors()>
Vertex$VertexIter3	<Vertex: void nodeSearch(WorkSpace)>/VertexIter.next/0	<Vertex$VertexIter3: Vertex next()>
Vertex$VertexIter2	<Vertex: void nodeSearch(WorkSpace)>/VertexIter.next/0	<Vertex$VertexIter2: Vertex next()>
VertexIter	<Vertex: void nodeSearch(WorkSpace)>/VertexIter.next/0	<VertexIter: Vertex next()>
Vertex$VertexIter1	<Vertex: void nodeSearch(WorkSpace)>/VertexIter.next/0	<Vertex$VertexIter1: Vertex next()>
RegionWorkSpace	<Vertex: void nodeSearch(WorkSpace)>/WorkSpace.checkNeighborAction/0	<WorkSpace: void checkNeighborAction(Vertex,Vertex)>
FinishTimeWorkSpace	<Vertex: void nodeSearch(WorkSpace)>/WorkSpace.checkNeighborAction/0	<WorkSpace: void checkNeighborAction(Vertex,Vertex)>
WorkSpaceTranspose	<Vertex: void nodeSearch(WorkSpace)>/WorkSpace.checkNeighborAction/0	<WorkSpace: void checkNeighborAction(Vertex,Vertex)>
CycleWorkSpace	<Vertex: void nodeSearch(WorkSpace)>/WorkSpace.checkNeighborAction/0	<CycleWorkSpace: void checkNeighborAction(Vertex,Vertex)>
NumberWorkSpace	<Vertex: void nodeSearch(WorkSpace)>/WorkSpace.checkNeighborAction/0	<WorkSpace: void checkNeighborAction(Vertex,Vertex)>
WorkSpace	<Vertex: void nodeSearch(WorkSpace)>/WorkSpace.checkNeighborAction/0	<WorkSpace: void checkNeighborAction(Vertex,Vertex)>
Vertex	<Vertex: void nodeSearch(WorkSpace)>/Vertex.nodeSearch/0	<Vertex: void nodeSearch(WorkSpace)>
Vertex$VertexIter3	<Vertex: void nodeSearch(WorkSpace)>/VertexIter.hasNext/0	<Vertex$VertexIter3: boolean hasNext()>
Vertex$VertexIter2	<Vertex: void nodeSearch(WorkSpace)>/VertexIter.hasNext/0	<Vertex$VertexIter2: boolean hasNext()>
VertexIter	<Vertex: void nodeSearch(WorkSpace)>/VertexIter.hasNext/0	<VertexIter: boolean hasNext()>
Vertex$VertexIter1	<Vertex: void nodeSearch(WorkSpace)>/VertexIter.hasNext/0	<Vertex$VertexIter1: boolean hasNext()>
RegionWorkSpace	<Vertex: void nodeSearch(WorkSpace)>/WorkSpace.postVisitAction/0	<RegionWorkSpace: void postVisitAction(Vertex)>
FinishTimeWorkSpace	<Vertex: void nodeSearch(WorkSpace)>/WorkSpace.postVisitAction/0	<FinishTimeWorkSpace: void postVisitAction(Vertex)>
WorkSpaceTranspose	<Vertex: void nodeSearch(WorkSpace)>/WorkSpace.postVisitAction/0	<WorkSpace: void postVisitAction(Vertex)>
CycleWorkSpace	<Vertex: void nodeSearch(WorkSpace)>/WorkSpace.postVisitAction/0	<CycleWorkSpace: void postVisitAction(Vertex)>
NumberWorkSpace	<Vertex: void nodeSearch(WorkSpace)>/WorkSpace.postVisitAction/0	<WorkSpace: void postVisitAction(Vertex)>
WorkSpace	<Vertex: void nodeSearch(WorkSpace)>/WorkSpace.postVisitAction/0	<WorkSpace: void postVisitAction(Vertex)>
Vertex	<Vertex: void nodeSearch(WorkSpace)>/Vertex.getNeighbors/1	<Vertex: VertexIter getNeighbors()>
Vertex$VertexIter3	<Vertex: void nodeSearch(WorkSpace)>/VertexIter.next/1	<Vertex$VertexIter3: Vertex next()>
Vertex$VertexIter2	<Vertex: void nodeSearch(WorkSpace)>/VertexIter.next/1	<Vertex$VertexIter2: Vertex next()>
VertexIter	<Vertex: void nodeSearch(WorkSpace)>/VertexIter.next/1	<VertexIter: Vertex next()>
Vertex$VertexIter1	<Vertex: void nodeSearch(WorkSpace)>/VertexIter.next/1	<Vertex$VertexIter1: Vertex next()>
java.util.LinkedList	<Vertex: void nodeSearch(WorkSpace)>/java.util.LinkedList.add/0	<java.util.LinkedList: boolean add(java.lang.Object)>
Vertex$VertexIter3	<Vertex: void nodeSearch(WorkSpace)>/VertexIter.hasNext/1	<Vertex$VertexIter3: boolean hasNext()>
Vertex$VertexIter2	<Vertex: void nodeSearch(WorkSpace)>/VertexIter.hasNext/1	<Vertex$VertexIter2: boolean hasNext()>
VertexIter	<Vertex: void nodeSearch(WorkSpace)>/VertexIter.hasNext/1	<VertexIter: boolean hasNext()>
Vertex$VertexIter1	<Vertex: void nodeSearch(WorkSpace)>/VertexIter.hasNext/1	<Vertex$VertexIter1: boolean hasNext()>
java.util.LinkedList	<Vertex: void nodeSearch(WorkSpace)>/java.util.LinkedList.remove/0	<java.util.LinkedList: java.lang.Object remove(int)>
Vertex	<Vertex: void nodeSearch(WorkSpace)>/Vertex.nodeSearch/1	<Vertex: void nodeSearch(WorkSpace)>
java.io.PrintStream	<Vertex: void display()>/java.io.PrintStream.print/0	<java.io.PrintStream: void print(java.lang.String)>
java.io.PrintStream	<Vertex: void display()>/java.io.PrintStream.print/1	<java.io.PrintStream: void print(java.lang.String)>
java.io.PrintStream	<Vertex: void display()>/java.io.PrintStream.print/2	<java.io.PrintStream: void print(java.lang.String)>
Vertex	<Vertex: void display()>/Vertex.getNeighbors/0	<Vertex: VertexIter getNeighbors()>
Vertex$VertexIter3	<Vertex: void display()>/VertexIter.next/0	<Vertex$VertexIter3: Vertex next()>
Vertex$VertexIter2	<Vertex: void display()>/VertexIter.next/0	<Vertex$VertexIter2: Vertex next()>
VertexIter	<Vertex: void display()>/VertexIter.next/0	<VertexIter: Vertex next()>
Vertex$VertexIter1	<Vertex: void display()>/VertexIter.next/0	<Vertex$VertexIter1: Vertex next()>
Vertex	<Vertex: void display()>/Vertex.getName/0	<Vertex: java.lang.String getName()>
java.io.PrintStream	<Vertex: void display()>/java.io.PrintStream.print/3	<java.io.PrintStream: void print(java.lang.String)>
Vertex$VertexIter3	<Vertex: void display()>/VertexIter.hasNext/0	<Vertex$VertexIter3: boolean hasNext()>
Vertex$VertexIter2	<Vertex: void display()>/VertexIter.hasNext/0	<Vertex$VertexIter2: boolean hasNext()>
VertexIter	<Vertex: void display()>/VertexIter.hasNext/0	<VertexIter: boolean hasNext()>
Vertex$VertexIter1	<Vertex: void display()>/VertexIter.hasNext/0	<Vertex$VertexIter1: boolean hasNext()>
java.io.PrintStream	<Vertex: void display()>/java.io.PrintStream.print/4	<java.io.PrintStream: void print(java.lang.String)>
java.io.PrintStream	<Vertex: void display()>/java.io.PrintStream.println/0	<java.io.PrintStream: void println(java.lang.String)>
java.io.PrintStream	<Vertex: void display()>/java.io.PrintStream.print/5	<java.io.PrintStream: void print(java.lang.String)>
java.io.PrintStream	<Vertex: void display()>/java.io.PrintStream.print/6	<java.io.PrintStream: void print(java.lang.String)>
java.io.PrintStream	<Vertex: void display()>/java.io.PrintStream.print/7	<java.io.PrintStream: void print(java.lang.String)>
java.io.PrintStream	<Vertex: void display()>/java.io.PrintStream.print/8	<java.io.PrintStream: void print(java.lang.String)>
java.io.PrintStream	<Vertex: void display()>/java.io.PrintStream.print/9	<java.io.PrintStream: void print(java.lang.String)>
Vertex	<Vertex: void display()>/Vertex.getName/1	<Vertex: java.lang.String getName()>
java.io.PrintStream	<Vertex: void display()>/java.io.PrintStream.print/10	<java.io.PrintStream: void print(java.lang.String)>
java.io.PrintStream	<Vertex: void display()>/java.io.PrintStream.print/11	<java.io.PrintStream: void print(java.lang.String)>
java.io.PrintStream	<Vertex: void display()>/java.io.PrintStream.println/1	<java.io.PrintStream: void println()>
Graph$Comparator1	<Graph$Comparator1: int compare(java.lang.Object,java.lang.Object)>/Graph$Comparator1.compare/0	<Graph$Comparator1: int compare(Vertex,Vertex)>
