<Main: void main(java.lang.String[])>/Main.readWeights/0	<Main: void readWeights(Graph,int)>
<Main: void main(java.lang.String[])>/Main.addEdge/0	<Main: EdgeIfc addEdge(Graph,int)>
<Main: void main(java.lang.String[])>/Graph.startProfile/0	<Graph: void startProfile()>
<Main: void main(java.lang.String[])>/Graph.stopProfile/0	<Graph: void stopProfile()>
<Main: void main(java.lang.String[])>/Graph.resumeProfile/0	<Graph: void resumeProfile()>
<Main: void main(java.lang.String[])>/Graph.endProfile/0	<Graph: void endProfile()>
<Main: void main(java.lang.String[])>/java.lang.StringBuilder.<init>/0	<java.lang.StringBuilder: void <init>(java.lang.String)>
<Main: void main(java.lang.String[])>/java.lang.StringBuilder.<init>/1	<java.lang.StringBuilder: void <init>(java.lang.String)>
<Graph: void endProfile()>/java.lang.StringBuilder.<init>/0	<java.lang.StringBuilder: void <init>(java.lang.String)>
<Graph: void sortVertices(java.util.Comparator)>/java.util.Collections.sort/0	<java.util.Collections: void sort(java.util.List,java.util.Comparator)>
<Graph: void sortEdges(java.util.Comparator)>/java.util.Collections.sort/0	<java.util.Collections: void sort(java.util.List,java.util.Comparator)>
<Graph: void run(Vertex)>/Graph.stopProfile/0	<Graph: void stopProfile()>
<Graph: void run(Vertex)>/Graph.resumeProfile/0	<Graph: void resumeProfile()>
<Graph: void run(Vertex)>/Graph.stopProfile/1	<Graph: void stopProfile()>
<Graph: void run(Vertex)>/Graph.resumeProfile/1	<Graph: void resumeProfile()>
<Graph: void run(Vertex)>/Graph.stopProfile/2	<Graph: void stopProfile()>
<Graph: void run(Vertex)>/Graph.resumeProfile/2	<Graph: void resumeProfile()>
<Main: void main(java.lang.String[])>/Vertex.assignName/0	<Vertex: Vertex assignName(java.lang.String)>
<Main: void main(java.lang.String[])>/Graph.<init>/0	<Graph: void <init>()>
<Main: void main(java.lang.String[])>/Vertex.<init>/0	<Vertex: void <init>()>
<Main: void main(java.lang.String[])>/Graph.runBenchmark/0	<Graph: void runBenchmark(java.lang.String)>
<Main: void main(java.lang.String[])>/Graph.readNumber/0	<Graph: int readNumber()>
<Main: void main(java.lang.String[])>/Graph.readNumber/1	<Graph: int readNumber()>
<Main: void main(java.lang.String[])>/Graph.readNumber/2	<Graph: int readNumber()>
<Main: void main(java.lang.String[])>/Graph.readNumber/3	<Graph: int readNumber()>
<Main: void main(java.lang.String[])>/Graph.readNumber/4	<Graph: int readNumber()>
<Main: void main(java.lang.String[])>/Graph.addVertex/0	<Graph: void addVertex(Vertex)>
<Main: void main(java.lang.String[])>/Graph.readNumber/5	<Graph: int readNumber()>
<Main: void main(java.lang.String[])>/Graph.readNumber/6	<Graph: int readNumber()>
<Main: void main(java.lang.String[])>/Graph.stopBenchmark/0	<Graph: void stopBenchmark()>
<Main: void main(java.lang.String[])>/Graph.findsVertex/0	<Graph: Vertex findsVertex(java.lang.String)>
<Main: void main(java.lang.String[])>/Graph.run/0	<Graph: void run(Vertex)>
<Main: void main(java.lang.String[])>/Graph.display/0	<Graph: void display()>
<Edge: void display()>/java.lang.StringBuilder.<init>/0	<java.lang.StringBuilder: void <init>(java.lang.String)>
<Edge: void display()>/java.lang.StringBuilder.<init>/1	<java.lang.StringBuilder: void <init>(java.lang.String)>
<Neighbor: void display()>/java.lang.StringBuilder.<init>/0	<java.lang.StringBuilder: void <init>(java.lang.String)>
<Graph: void runBenchmark(java.lang.String)>/java.lang.StringBuilder.<init>/0	<java.lang.StringBuilder: void <init>(java.lang.String)>
<Graph: void run(Vertex)>/java.lang.StringBuilder.<init>/0	<java.lang.StringBuilder: void <init>(java.lang.String)>
<Vertex: void display()>/java.lang.StringBuilder.<init>/0	<java.lang.StringBuilder: void <init>(java.lang.String)>
<Vertex: void display()>/java.lang.StringBuilder.<init>/1	<java.lang.StringBuilder: void <init>(java.lang.String)>
<Vertex: void display()>/java.lang.StringBuilder.<init>/2	<java.lang.StringBuilder: void <init>(java.lang.String)>
<Vertex: void display()>/java.lang.StringBuilder.<init>/3	<java.lang.StringBuilder: void <init>(java.lang.String)>
<Vertex: void display()>/java.lang.StringBuilder.<init>/4	<java.lang.StringBuilder: void <init>(java.lang.String)>
<Vertex: void display()>/java.lang.StringBuilder.<init>/5	<java.lang.StringBuilder: void <init>(java.lang.String)>
<Vertex: void display()>/java.lang.StringBuilder.<init>/6	<java.lang.StringBuilder: void <init>(java.lang.String)>
<Vertex: void display()>/java.lang.StringBuilder.<init>/7	<java.lang.StringBuilder: void <init>(java.lang.String)>
<Vertex: void display()>/java.lang.StringBuilder.<init>/8	<java.lang.StringBuilder: void <init>(java.lang.String)>
<Graph$Comparator2: int compare(java.lang.Object,java.lang.Object)>/Graph$Comparator2.compare/0	<Graph$Comparator2: int compare(Vertex,Vertex)>
<Edge: void adjustAdorns(EdgeIfc)>/Edge.setWeight/0	<Edge: void setWeight(int)>
<Graph$Comparator3: int compare(java.lang.Object,java.lang.Object)>/Graph$Comparator3.compare/0	<Graph$Comparator3: int compare(EdgeIfc,EdgeIfc)>
<Graph: void run(Vertex)>/Graph.connectedComponents/0	<Graph: void connectedComponents()>
<Graph: void run(Vertex)>/Graph.cycleCheck/0	<Graph: boolean cycleCheck()>
<Graph: void run(Vertex)>/Graph.kruskal/0	<Graph: Graph kruskal()>
<Graph: void run(Vertex)>/Graph.prim/0	<Graph: Graph prim(Vertex)>
<Graph: void run(Vertex)>/Graph.numberVertices/0	<Graph: void numberVertices()>
<Graph: void run(Vertex)>/Graph.strongComponents/0	<Graph: Graph strongComponents()>
<Graph: void graphSearch(WorkSpace)>/Graph.getVertices/0	<Graph: VertexIter getVertices()>
<Graph: void graphSearch(WorkSpace)>/Graph.getVertices/1	<Graph: VertexIter getVertices()>
<Graph: void numberVertices()>/Graph.graphSearch/0	<Graph: void graphSearch(WorkSpace)>
<Graph: void connectedComponents()>/Graph.graphSearch/0	<Graph: void graphSearch(WorkSpace)>
<Graph: Graph strongComponents()>/Graph.graphSearch/0	<Graph: void graphSearch(WorkSpace)>
<Graph: Graph strongComponents()>/Graph.sortVertices/0	<Graph: void sortVertices(java.util.Comparator)>
<Graph: Graph strongComponents()>/Graph.computeTranspose/0	<Graph: Graph computeTranspose(Graph)>
<Graph: Graph computeTranspose(Graph)>/Graph.getVertices/0	<Graph: VertexIter getVertices()>
<Graph: Graph computeTranspose(Graph)>/Vertex.assignName/0	<Vertex: Vertex assignName(java.lang.String)>
<Graph: Graph computeTranspose(Graph)>/Graph.getVertices/2	<Graph: VertexIter getVertices()>
<Graph: boolean cycleCheck()>/Graph.graphSearch/0	<Graph: void graphSearch(WorkSpace)>
<Graph: Graph kruskal()>/Graph.getVertices/0	<Graph: VertexIter getVertices()>
<Graph: Graph kruskal()>/Graph.getEdges/0	<Graph: EdgeIter getEdges()>
<Graph: Graph kruskal()>/Graph.sortEdges/0	<Graph: void sortEdges(java.util.Comparator)>
<Graph: Graph kruskal()>/Graph.getEdges/1	<Graph: EdgeIter getEdges()>
<Graph: Graph kruskal()>/Graph.getVertices/1	<Graph: VertexIter getVertices()>
<Graph: Graph kruskal()>/Vertex.assignName/0	<Vertex: Vertex assignName(java.lang.String)>
<Graph: Graph prim(Vertex)>/Graph.getVertices/0	<Graph: VertexIter getVertices()>
<Graph: Graph prim(Vertex)>/Graph.getVertices/1	<Graph: VertexIter getVertices()>
<Graph: Graph prim(Vertex)>/Graph.getVertices/2	<Graph: VertexIter getVertices()>
<Graph: Graph prim(Vertex)>/Vertex.assignName/0	<Vertex: Vertex assignName(java.lang.String)>
<Graph: Graph prim(Vertex)>/Graph.getVertices/3	<Graph: VertexIter getVertices()>
<Graph: Graph prim(Vertex)>/Graph.findsVertex/0	<Graph: Vertex findsVertex(java.lang.String)>
<Graph: Graph prim(Vertex)>/Graph.findsEdge/0	<Graph: EdgeIfc findsEdge(Vertex,Vertex)>
<Vertex: void setWeight(int)>/Vertex.addWeight/0	<Vertex: void addWeight(int)>
<Vertex: void nodeSearch(WorkSpace)>/Vertex.getNeighbors/0	<Vertex: VertexIter getNeighbors()>
<Vertex: void nodeSearch(WorkSpace)>/Vertex.getNeighbors/1	<Vertex: VertexIter getNeighbors()>
<Vertex: void display()>/Vertex.getNeighbors/0	<Vertex: VertexIter getNeighbors()>
<Graph$Comparator1: int compare(java.lang.Object,java.lang.Object)>/Graph$Comparator1.compare/0	<Graph$Comparator1: int compare(Vertex,Vertex)>
<RegionWorkSpace: void <init>()>/WorkSpace.<init>/0	<WorkSpace: void <init>()>
<Edge: void <init>(Vertex,Vertex,int)>/java.lang.Object.<init>/0	<java.lang.Object: void <init>()>
<EdgeIter: void <init>()>/java.lang.Object.<init>/0	<java.lang.Object: void <init>()>
<FinishTimeWorkSpace: void <init>()>/WorkSpace.<init>/0	<WorkSpace: void <init>()>
<WorkSpaceTranspose: void <init>()>/WorkSpace.<init>/0	<WorkSpace: void <init>()>
<Main: void <init>()>/java.lang.Object.<init>/0	<java.lang.Object: void <init>()>
<Neighbor: void <init>()>/java.lang.Object.<init>/0	<java.lang.Object: void <init>()>
<Neighbor: void <init>(Vertex,int)>/java.lang.Object.<init>/0	<java.lang.Object: void <init>()>
<Neighbor: void <init>(Vertex,Edge)>/java.lang.Object.<init>/0	<java.lang.Object: void <init>()>
<CycleWorkSpace: void <init>()>/WorkSpace.<init>/0	<WorkSpace: void <init>()>
<NumberWorkSpace: void <init>()>/WorkSpace.<init>/0	<WorkSpace: void <init>()>
<WorkSpace: void <init>()>/java.lang.Object.<init>/0	<java.lang.Object: void <init>()>
<Graph: VertexIter getVertices()>/VertexIter.<init>/0	<VertexIter: void <init>(Graph)>
<Graph: EdgeIter getEdges()>/Graph$EdgeIter1.<init>/0	<Graph$EdgeIter1: void <init>(Graph,Graph$EdgeIter1)>
<Graph: void addEdge(Vertex,Neighbor)>/Neighbor.<init>/0	<Neighbor: void <init>(Vertex,int)>
<Graph: void runBenchmark(java.lang.String)>/java.io.FileReader.<init>/0	<java.io.FileReader: void <init>(java.lang.String)>
<Graph: int readNumber()>/java.lang.String.<init>/0	<java.lang.String: void <init>(char[])>
<Graph: int readNumber()>/java.lang.String.<init>/1	<java.lang.String: void <init>(java.lang.String)>
<Graph: void numberVertices()>/NumberWorkSpace.<init>/0	<NumberWorkSpace: void <init>()>
<Graph: void connectedComponents()>/RegionWorkSpace.<init>/0	<RegionWorkSpace: void <init>()>
<Graph: Graph strongComponents()>/FinishTimeWorkSpace.<init>/0	<FinishTimeWorkSpace: void <init>()>
<Graph: Graph strongComponents()>/Graph$Comparator1.<init>/0	<Graph$Comparator1: void <init>(Graph,Graph$Comparator1)>
<Graph: Graph strongComponents()>/WorkSpaceTranspose.<init>/0	<WorkSpaceTranspose: void <init>()>
<Graph: Graph computeTranspose(Graph)>/java.util.HashMap.<init>/0	<java.util.HashMap: void <init>()>
<Graph: Graph computeTranspose(Graph)>/Graph.<init>/0	<Graph: void <init>()>
<Graph: Graph computeTranspose(Graph)>/Vertex.<init>/0	<Vertex: void <init>()>
<Graph: boolean cycleCheck()>/CycleWorkSpace.<init>/0	<CycleWorkSpace: void <init>()>
<Graph: Graph kruskal()>/java.util.LinkedList.<init>/0	<java.util.LinkedList: void <init>()>
<Graph: Graph kruskal()>/java.util.LinkedList.<init>/1	<java.util.LinkedList: void <init>()>
<Graph: Graph kruskal()>/java.util.LinkedList.<init>/2	<java.util.LinkedList: void <init>()>
<Graph: Graph kruskal()>/Graph$Comparator3.<init>/0	<Graph$Comparator3: void <init>(Graph,Graph$Comparator3)>
<Graph: Graph kruskal()>/Graph.<init>/0	<Graph: void <init>()>
<Graph: Graph kruskal()>/Vertex.<init>/0	<Vertex: void <init>()>
<Graph: Graph prim(Vertex)>/java.util.LinkedList.<init>/0	<java.util.LinkedList: void <init>()>
<Graph: Graph prim(Vertex)>/java.util.HashSet.<init>/0	<java.util.HashSet: void <init>()>
<Graph: Graph prim(Vertex)>/Graph$Comparator2.<init>/0	<Graph$Comparator2: void <init>(Graph,Graph$Comparator2)>
<Graph: Graph prim(Vertex)>/Graph.<init>/0	<Graph: void <init>()>
<Graph: Graph prim(Vertex)>/Vertex.<init>/0	<Vertex: void <init>()>
<Vertex: void adjustAdorns(Vertex,int)>/java.lang.Integer.<init>/0	<java.lang.Integer: void <init>(int)>
<Vertex: VertexIter getNeighbors()>/Vertex$VertexIter1.<init>/0	<Vertex$VertexIter1: void <init>(Vertex,Vertex$VertexIter1)>
<Vertex: EdgeIter getEdges()>/Vertex$EdgeIter1.<init>/0	<Vertex$EdgeIter1: void <init>(Vertex,Vertex$EdgeIter1)>
<Vertex: void addWeight(int)>/java.lang.Integer.<init>/0	<java.lang.Integer: void <init>(int)>
<GlobalVarsWrapper: void <init>()>/java.lang.Object.<init>/0	<java.lang.Object: void <init>()>
<Edge: void adjustAdorns(EdgeIfc)>/EdgeIfc.getWeight/0	<Edge: int getWeight()>
<Graph$Comparator3: int compare(EdgeIfc,EdgeIfc)>/EdgeIfc.getWeight/0	<Edge: int getWeight()>
<Graph$Comparator3: int compare(EdgeIfc,EdgeIfc)>/EdgeIfc.getWeight/1	<Edge: int getWeight()>
<Graph$Comparator3: int compare(EdgeIfc,EdgeIfc)>/EdgeIfc.getWeight/2	<Edge: int getWeight()>
<Graph$Comparator3: int compare(EdgeIfc,EdgeIfc)>/EdgeIfc.getWeight/3	<Edge: int getWeight()>
<Graph: void addEdge(Vertex,Neighbor)>/Vertex.addEdge/0	<Vertex: void addEdge(Neighbor)>
<Graph: EdgeIfc findsEdge(Vertex,Vertex)>/Vertex.getName/1	<Vertex: java.lang.String getName()>
<Graph: EdgeIfc findsEdge(Vertex,Vertex)>/Vertex.getName/3	<Vertex: java.lang.String getName()>
<Graph: EdgeIfc findsEdge(Vertex,Vertex)>/Vertex.getName/5	<Vertex: java.lang.String getName()>
<Graph: EdgeIfc findsEdge(Vertex,Vertex)>/Vertex.getName/7	<Vertex: java.lang.String getName()>
<Graph: void graphSearch(WorkSpace)>/WorkSpace.nextRegionAction/0	<WorkSpace: void nextRegionAction(Vertex)>
<Graph: Graph computeTranspose(Graph)>/Graph.addVertex/0	<Graph: void addVertex(Vertex)>
<Graph: Graph computeTranspose(Graph)>/Graph.getVertices/1	<Graph: VertexIter getVertices()>
<Graph: Graph computeTranspose(Graph)>/Graph.addEdge/0	<Graph: EdgeIfc addEdge(Vertex,Vertex,int)>
<Graph: Graph kruskal()>/java.util.LinkedList.add/0	<java.util.LinkedList: boolean add(java.lang.Object)>
<Graph: Graph kruskal()>/Graph.addVertex/0	<Graph: void addVertex(Vertex)>
<Graph: Graph kruskal()>/Graph.findsVertex/0	<Graph: Vertex findsVertex(java.lang.String)>
<Graph: Graph kruskal()>/Graph.findsVertex/1	<Graph: Vertex findsVertex(java.lang.String)>
<Graph: Graph kruskal()>/Graph.addEdge/0	<Graph: EdgeIfc addEdge(Vertex,Vertex,int)>
<Graph: Graph prim(Vertex)>/java.util.LinkedList.add/0	<java.util.LinkedList: boolean add(java.lang.Object)>
<Graph: Graph prim(Vertex)>/java.util.LinkedList.add/1	<java.util.LinkedList: boolean add(java.lang.Object)>
<Graph: Graph prim(Vertex)>/java.util.LinkedList.remove/0	<java.util.LinkedList: boolean remove(java.lang.Object)>
<Graph: Graph prim(Vertex)>/java.util.LinkedList.add/2	<java.util.LinkedList: void add(int,java.lang.Object)>
<Graph: Graph prim(Vertex)>/java.util.LinkedList.add/3	<java.util.LinkedList: void add(int,java.lang.Object)>
<Graph: Graph prim(Vertex)>/Graph.addVertex/0	<Graph: void addVertex(Vertex)>
<Graph: Graph prim(Vertex)>/Graph.findsVertex/1	<Graph: Vertex findsVertex(java.lang.String)>
<Graph: Graph prim(Vertex)>/Graph.findsVertex/2	<Graph: Vertex findsVertex(java.lang.String)>
<Graph: Graph prim(Vertex)>/Graph.addEdge/0	<Graph: EdgeIfc addEdge(Vertex,Vertex,int)>
<Vertex: void init_vertex(WorkSpace)>/WorkSpace.init_vertex/0	<WorkSpace: void init_vertex(Vertex)>
<Vertex: void nodeSearch(WorkSpace)>/WorkSpace.preVisitAction/0	<WorkSpace: void preVisitAction(Vertex)>
<Vertex: void nodeSearch(WorkSpace)>/WorkSpace.checkNeighborAction/0	<WorkSpace: void checkNeighborAction(Vertex,Vertex)>
<Vertex: void nodeSearch(WorkSpace)>/WorkSpace.postVisitAction/0	<WorkSpace: void postVisitAction(Vertex)>
<Graph: EdgeIfc findsEdge(Vertex,Vertex)>/Vertex.getEdges/0	<Vertex: EdgeIter getEdges()>
<Graph: EdgeIfc findsEdge(Vertex,Vertex)>/Vertex.getName/0	<Vertex: java.lang.String getName()>
<Graph: EdgeIfc findsEdge(Vertex,Vertex)>/Vertex.getName/4	<Vertex: java.lang.String getName()>
<Graph: Graph prim(Vertex)>/Vertex.getName/0	<Vertex: java.lang.String getName()>
<Main: EdgeIfc addEdge(Graph,int)>/Graph.addEdge/0	<Graph: EdgeIfc addEdge(Vertex,Vertex,int)>
<GlobalVarsWrapper: void <clinit>()>/java.util.LinkedList.<init>/0	<java.util.LinkedList: void <init>()>
<Edge: void display()>/Vertex.getName/0	<Vertex: java.lang.String getName()>
<Edge: void display()>/Vertex.getName/1	<Vertex: java.lang.String getName()>
<Graph: void addEdge(Vertex,Neighbor)>/Vertex.addEdge/1	<Vertex: void addEdge(Neighbor)>
<Vertex: void nodeSearch(WorkSpace)>/java.util.LinkedList.add/0	<java.util.LinkedList: boolean add(java.lang.Object)>
<Vertex: void nodeSearch(WorkSpace)>/java.util.LinkedList.remove/0	<java.util.LinkedList: java.lang.Object remove(int)>
<Graph: void <init>()>/java.lang.Object.<init>/0	<java.lang.Object: void <init>()>
<Vertex: void <init>()>/java.lang.Object.<init>/0	<java.lang.Object: void <init>()>
<Graph: Vertex findsVertex(java.lang.String)>/Graph.getVertices/0	<Graph: VertexIter getVertices()>
<Graph: void display()>/Graph.getEdges/0	<Graph: EdgeIter getEdges()>
<Graph: void run(Vertex)>/Graph.display/0	<Graph: void display()>
<Graph: void run(Vertex)>/Graph.display/1	<Graph: void display()>
<Graph: void graphSearch(WorkSpace)>/VertexIter.hasNext/0	<VertexIter: boolean hasNext()>
<Graph: void graphSearch(WorkSpace)>/VertexIter.next/0	<VertexIter: Vertex next()>
<Graph: void graphSearch(WorkSpace)>/VertexIter.hasNext/1	<VertexIter: boolean hasNext()>
<Graph: void graphSearch(WorkSpace)>/VertexIter.next/1	<VertexIter: Vertex next()>
<Graph: void graphSearch(WorkSpace)>/VertexIter.hasNext/2	<VertexIter: boolean hasNext()>
<Graph: Graph strongComponents()>/Graph.graphSearch/1	<Graph: void graphSearch(WorkSpace)>
<Graph: Graph computeTranspose(Graph)>/VertexIter.next/0	<VertexIter: Vertex next()>
<Graph: Graph computeTranspose(Graph)>/VertexIter.hasNext/0	<VertexIter: boolean hasNext()>
<Graph: Graph computeTranspose(Graph)>/VertexIter.next/1	<VertexIter: Vertex next()>
<Graph: Graph computeTranspose(Graph)>/VertexIter.hasNext/2	<VertexIter: boolean hasNext()>
<Graph: Graph kruskal()>/VertexIter.next/0	<VertexIter: Vertex next()>
<Graph: Graph kruskal()>/VertexIter.hasNext/0	<VertexIter: boolean hasNext()>
<Graph: Graph kruskal()>/EdgeIter.next/0	<Graph$EdgeIter1: EdgeIfc next()>
<Graph: Graph kruskal()>/EdgeIter.hasNext/0	<Graph$EdgeIter1: boolean hasNext()>
<Graph: Graph kruskal()>/VertexIter.next/1	<VertexIter: Vertex next()>
<Graph: Graph kruskal()>/VertexIter.hasNext/1	<VertexIter: boolean hasNext()>
<Graph: Graph prim(Vertex)>/VertexIter.next/0	<VertexIter: Vertex next()>
<Graph: Graph prim(Vertex)>/VertexIter.hasNext/0	<VertexIter: boolean hasNext()>
<Graph: Graph prim(Vertex)>/VertexIter.next/1	<VertexIter: Vertex next()>
<Graph: Graph prim(Vertex)>/VertexIter.hasNext/1	<VertexIter: boolean hasNext()>
<Graph: Graph prim(Vertex)>/VertexIter.next/2	<VertexIter: Vertex next()>
<Graph: Graph prim(Vertex)>/VertexIter.hasNext/2	<VertexIter: boolean hasNext()>
<Graph: Graph prim(Vertex)>/VertexIter.next/3	<VertexIter: Vertex next()>
<Graph: Graph prim(Vertex)>/VertexIter.hasNext/3	<VertexIter: boolean hasNext()>
<Vertex: void nodeSearch(WorkSpace)>/VertexIter.next/0	<Vertex$VertexIter1: Vertex next()>
<Vertex: void nodeSearch(WorkSpace)>/VertexIter.hasNext/0	<Vertex$VertexIter1: boolean hasNext()>
<Vertex: void nodeSearch(WorkSpace)>/VertexIter.next/1	<Vertex$VertexIter1: Vertex next()>
<Vertex: void nodeSearch(WorkSpace)>/VertexIter.hasNext/1	<Vertex$VertexIter1: boolean hasNext()>
<Vertex: void display()>/VertexIter.next/0	<Vertex$VertexIter1: Vertex next()>
<Vertex: void display()>/VertexIter.hasNext/0	<Vertex$VertexIter1: boolean hasNext()>
<Graph: void <init>()>/java.util.LinkedList.<init>/0	<java.util.LinkedList: void <init>()>
<Graph: void <init>()>/java.util.LinkedList.<init>/1	<java.util.LinkedList: void <init>()>
<Vertex: void <init>()>/java.util.LinkedList.<init>/0	<java.util.LinkedList: void <init>()>
<Vertex: void <init>()>/java.util.LinkedList.<init>/1	<java.util.LinkedList: void <init>()>
<Vertex: void <init>()>/java.util.LinkedList.<init>/2	<java.util.LinkedList: void <init>()>
<Vertex: void <init>()>/java.util.LinkedList.<init>/3	<java.util.LinkedList: void <init>()>
<Graph: void graphSearch(WorkSpace)>/WorkSpace.nextRegionAction/0	<RegionWorkSpace: void nextRegionAction(Vertex)>
<Graph: Graph computeTranspose(Graph)>/VertexIter.next/2	<VertexIter: Vertex next()>
<Graph: void addVertex(Vertex)>/java.util.LinkedList.add/0	<java.util.LinkedList: boolean add(java.lang.Object)>
<VertexIter: void <init>(Graph)>/java.lang.Object.<init>/0	<java.lang.Object: void <init>()>
<Graph$EdgeIter1: void <init>(Graph,Graph$EdgeIter1)>/Graph$EdgeIter1.<init>/0	<Graph$EdgeIter1: void <init>(Graph)>
<Graph$Comparator1: void <init>(Graph,Graph$Comparator1)>/Graph$Comparator1.<init>/0	<Graph$Comparator1: void <init>(Graph)>
<Graph$Comparator3: void <init>(Graph,Graph$Comparator3)>/Graph$Comparator3.<init>/0	<Graph$Comparator3: void <init>(Graph)>
<Graph$Comparator2: void <init>(Graph,Graph$Comparator2)>/Graph$Comparator2.<init>/0	<Graph$Comparator2: void <init>(Graph)>
<Vertex$VertexIter1: void <init>(Vertex,Vertex$VertexIter1)>/Vertex$VertexIter1.<init>/0	<Vertex$VertexIter1: void <init>(Vertex)>
<Vertex$EdgeIter1: void <init>(Vertex,Vertex$EdgeIter1)>/Vertex$EdgeIter1.<init>/0	<Vertex$EdgeIter1: void <init>(Vertex)>
<Graph: void run(Vertex)>/Graph.display/2	<Graph: void display()>
<Graph: EdgeIfc findsEdge(Vertex,Vertex)>/EdgeIter.next/0	<Vertex$EdgeIter1: EdgeIfc next()>
<Graph: EdgeIfc findsEdge(Vertex,Vertex)>/EdgeIter.hasNext/0	<Vertex$EdgeIter1: boolean hasNext()>
<Graph: EdgeIfc addEdge(Vertex,Vertex,int)>/Vertex.addAdjacent/0	<Vertex: void addAdjacent(Vertex)>
<Graph: EdgeIfc addEdge(Vertex,Vertex,int)>/Vertex.addAdjacent/1	<Vertex: void addAdjacent(Vertex)>
<Graph: EdgeIfc addEdge(Vertex,Vertex,int)>/Vertex.setWeight/0	<Vertex: void setWeight(int)>
<Graph: EdgeIfc addEdge(Vertex,Vertex,int)>/Vertex.addWeight/0	<Vertex: void addWeight(int)>
<Graph: Vertex findsVertex(java.lang.String)>/VertexIter.next/0	<VertexIter: Vertex next()>
<Graph: Vertex findsVertex(java.lang.String)>/VertexIter.hasNext/0	<VertexIter: boolean hasNext()>
<Graph: void display()>/EdgeIter.next/0	<Graph$EdgeIter1: EdgeIfc next()>
<Graph: void display()>/EdgeIter.hasNext/0	<Graph$EdgeIter1: boolean hasNext()>
<Graph$EdgeIter1: void <init>(Graph)>/Graph.access$0/0	<Graph: java.util.LinkedList access$0(Graph)>
<Graph: void graphSearch(WorkSpace)>/WorkSpace.nextRegionAction/0	<WorkSpaceTranspose: void nextRegionAction(Vertex)>
<Graph: Graph kruskal()>/EdgeIfc.adjustAdorns/0	<Vertex: void adjustAdorns(EdgeIfc)>
<Graph: Graph prim(Vertex)>/EdgeIfc.adjustAdorns/0	<Vertex: void adjustAdorns(EdgeIfc)>
<Graph$EdgeIter1: void <init>(Graph)>/EdgeIter.<init>/0	<EdgeIter: void <init>()>
<Graph$Comparator1: void <init>(Graph)>/java.lang.Object.<init>/0	<java.lang.Object: void <init>()>
<Graph$Comparator3: void <init>(Graph)>/java.lang.Object.<init>/0	<java.lang.Object: void <init>()>
<Graph$Comparator2: void <init>(Graph)>/java.lang.Object.<init>/0	<java.lang.Object: void <init>()>
<Vertex$VertexIter1: void <init>(Vertex)>/VertexIter.<init>/0	<VertexIter: void <init>()>
<Vertex$EdgeIter1: void <init>(Vertex)>/EdgeIter.<init>/0	<EdgeIter: void <init>()>
<Vertex: void addAdjacent(Vertex)>/java.util.LinkedList.add/0	<java.util.LinkedList: boolean add(java.lang.Object)>
<Vertex: void addWeight(int)>/java.util.LinkedList.add/0	<java.util.LinkedList: boolean add(java.lang.Object)>
<VertexIter: void <init>()>/java.lang.Object.<init>/0	<java.lang.Object: void <init>()>
