1.0	var points-to (INS)	874	@ ((((((((((((((((((((((((((((((((((((((((((((((((((((((((((((((((((((((((((((((!Algorithms \/ _Algorithms) /\ (!_Algorithms \/ Algorithms)) /\ (!NewCompound1 \/ _NewCompound1)) /\ (!_NewCompound1 \/ NewCompound1)) /\ (!BaseImpl \/ _BaseImpl)) /\ (!_BaseImpl \/ BaseImpl)) /\ (((!SearchAlg \/ _SearchBase) \/ _BFS) \/ _DFS)) /\ (!_SearchBase \/ SearchAlg)) /\ (!_BFS \/ SearchAlg)) /\ (!_DFS \/ SearchAlg)) /\ (!_SearchBase \/ !_BFS)) /\ (!_SearchBase \/ !_DFS)) /\ (!_BFS \/ !_DFS)) /\ (!SearchI \/ _SearchI)) /\ (!_SearchI \/ SearchI)) /\ ((!Edges \/ _Undirected) \/ _Directed)) /\ (!_Undirected \/ Edges)) /\ (!_Directed \/ Edges)) /\ (!_Undirected \/ !_Directed)) /\ (!SPL \/ GPL)) /\ (!GPL \/ SPL)) /\ (!Base \/ GPL)) /\ (!Benchmark \/ GPL)) /\ (!Prog \/ GPL)) /\ (!GPL \/ Edges)) /\ (!Edges \/ GPL)) /\ (!Weighted \/ GPL)) /\ (!GPL \/ BaseImpl)) /\ (!BaseImpl \/ GPL)) /\ (!SearchI \/ GPL)) /\ (!GPL \/ Algorithms)) /\ (!Algorithms \/ GPL)) /\ (!_Undirected \/ Undirected)) /\ (!Undirected \/ _Undirected)) /\ (!Number \/ _Algorithms)) /\ (!Connected \/ _Algorithms)) /\ (!Transpose \/ _Algorithms)) /\ (!MSTPrim \/ _Algorithms)) /\ (!MSTKruskal \/ _Algorithms)) /\ (!Shortest \/ _Algorithms)) /\ (!Cycle \/ _Algorithms)) /\ (!StronglyConnected \/ _Algorithms)) /\ (!_SearchBase \/ SearchBase)) /\ (!SearchBase \/ _SearchBase)) /\ (!GN_OnlyNeighbors \/ _NewCompound1)) /\ (!G_NoEdges \/ _NewCompound1)) /\ (!GEN_Edges \/ _NewCompound1)) /\ (!_SearchI \/ SearchAlg)) /\ (!SearchAlg \/ _SearchI)) /\ (!_BFS \/ BFS)) /\ (!BFS \/ _BFS)) /\ (!_Directed \/ Directed)) /\ (!Directed \/ _Directed)) /\ (!_BaseImpl \/ NewCompound1)) /\ (!NewCompound1 \/ _BaseImpl)) /\ (!EdgeObjects \/ _BaseImpl)) /\ (!_DFS \/ DFS)) /\ (!DFS \/ _DFS)) /\ (!Prog \/ Benchmark)) /\ (!GEN_Edges \/ EdgeObjects)) /\ (!DFS \/ SearchBase)) /\ (!BFS \/ SearchBase)) /\ (!Number \/ SearchBase)) /\ (!Connected \/ SearchBase)) /\ (!Connected \/ Undirected)) /\ (!StronglyConnected \/ Directed)) /\ (!StronglyConnected \/ DFS)) /\ (!StronglyConnected \/ Transpose)) /\ (!Cycle \/ DFS)) /\ (!MSTPrim \/ EdgeObjects)) /\ (!MSTPrim \/ Undirected)) /\ (!MSTPrim \/ Weighted)) /\ (!MSTKruskal \/ EdgeObjects)) /\ (!MSTKruskal \/ Undirected)) /\ (!MSTKruskal \/ Weighted)) /\ (!Shortest \/ Directed)) /\ (!Shortest \/ Weighted)) /\ SPL)
1.5	var points-to (SENS)	874	@ ((((((((((((((((((((((((((((((((((((((((((((((((((((((((((((((((((((((((((((((!Algorithms \/ _Algorithms) /\ (!_Algorithms \/ Algorithms)) /\ (!NewCompound1 \/ _NewCompound1)) /\ (!_NewCompound1 \/ NewCompound1)) /\ (!BaseImpl \/ _BaseImpl)) /\ (!_BaseImpl \/ BaseImpl)) /\ (((!SearchAlg \/ _SearchBase) \/ _BFS) \/ _DFS)) /\ (!_SearchBase \/ SearchAlg)) /\ (!_BFS \/ SearchAlg)) /\ (!_DFS \/ SearchAlg)) /\ (!_SearchBase \/ !_BFS)) /\ (!_SearchBase \/ !_DFS)) /\ (!_BFS \/ !_DFS)) /\ (!SearchI \/ _SearchI)) /\ (!_SearchI \/ SearchI)) /\ ((!Edges \/ _Undirected) \/ _Directed)) /\ (!_Undirected \/ Edges)) /\ (!_Directed \/ Edges)) /\ (!_Undirected \/ !_Directed)) /\ (!SPL \/ GPL)) /\ (!GPL \/ SPL)) /\ (!Base \/ GPL)) /\ (!Benchmark \/ GPL)) /\ (!Prog \/ GPL)) /\ (!GPL \/ Edges)) /\ (!Edges \/ GPL)) /\ (!Weighted \/ GPL)) /\ (!GPL \/ BaseImpl)) /\ (!BaseImpl \/ GPL)) /\ (!SearchI \/ GPL)) /\ (!GPL \/ Algorithms)) /\ (!Algorithms \/ GPL)) /\ (!_Undirected \/ Undirected)) /\ (!Undirected \/ _Undirected)) /\ (!Number \/ _Algorithms)) /\ (!Connected \/ _Algorithms)) /\ (!Transpose \/ _Algorithms)) /\ (!MSTPrim \/ _Algorithms)) /\ (!MSTKruskal \/ _Algorithms)) /\ (!Shortest \/ _Algorithms)) /\ (!Cycle \/ _Algorithms)) /\ (!StronglyConnected \/ _Algorithms)) /\ (!_SearchBase \/ SearchBase)) /\ (!SearchBase \/ _SearchBase)) /\ (!GN_OnlyNeighbors \/ _NewCompound1)) /\ (!G_NoEdges \/ _NewCompound1)) /\ (!GEN_Edges \/ _NewCompound1)) /\ (!_SearchI \/ SearchAlg)) /\ (!SearchAlg \/ _SearchI)) /\ (!_BFS \/ BFS)) /\ (!BFS \/ _BFS)) /\ (!_Directed \/ Directed)) /\ (!Directed \/ _Directed)) /\ (!_BaseImpl \/ NewCompound1)) /\ (!NewCompound1 \/ _BaseImpl)) /\ (!EdgeObjects \/ _BaseImpl)) /\ (!_DFS \/ DFS)) /\ (!DFS \/ _DFS)) /\ (!Prog \/ Benchmark)) /\ (!GEN_Edges \/ EdgeObjects)) /\ (!DFS \/ SearchBase)) /\ (!BFS \/ SearchBase)) /\ (!Number \/ SearchBase)) /\ (!Connected \/ SearchBase)) /\ (!Connected \/ Undirected)) /\ (!StronglyConnected \/ Directed)) /\ (!StronglyConnected \/ DFS)) /\ (!StronglyConnected \/ Transpose)) /\ (!Cycle \/ DFS)) /\ (!MSTPrim \/ EdgeObjects)) /\ (!MSTPrim \/ Undirected)) /\ (!MSTPrim \/ Weighted)) /\ (!MSTKruskal \/ EdgeObjects)) /\ (!MSTKruskal \/ Undirected)) /\ (!MSTKruskal \/ Weighted)) /\ (!Shortest \/ Directed)) /\ (!Shortest \/ Weighted)) /\ SPL)
10.0	reachable variables (INS)	577	@ ((((((((((((((((((((((((((((((((((((((((((((((((((((((((((((((((((((((((((((((!Algorithms \/ _Algorithms) /\ (!_Algorithms \/ Algorithms)) /\ (!NewCompound1 \/ _NewCompound1)) /\ (!_NewCompound1 \/ NewCompound1)) /\ (!BaseImpl \/ _BaseImpl)) /\ (!_BaseImpl \/ BaseImpl)) /\ (((!SearchAlg \/ _SearchBase) \/ _BFS) \/ _DFS)) /\ (!_SearchBase \/ SearchAlg)) /\ (!_BFS \/ SearchAlg)) /\ (!_DFS \/ SearchAlg)) /\ (!_SearchBase \/ !_BFS)) /\ (!_SearchBase \/ !_DFS)) /\ (!_BFS \/ !_DFS)) /\ (!SearchI \/ _SearchI)) /\ (!_SearchI \/ SearchI)) /\ ((!Edges \/ _Undirected) \/ _Directed)) /\ (!_Undirected \/ Edges)) /\ (!_Directed \/ Edges)) /\ (!_Undirected \/ !_Directed)) /\ (!SPL \/ GPL)) /\ (!GPL \/ SPL)) /\ (!Base \/ GPL)) /\ (!Benchmark \/ GPL)) /\ (!Prog \/ GPL)) /\ (!GPL \/ Edges)) /\ (!Edges \/ GPL)) /\ (!Weighted \/ GPL)) /\ (!GPL \/ BaseImpl)) /\ (!BaseImpl \/ GPL)) /\ (!SearchI \/ GPL)) /\ (!GPL \/ Algorithms)) /\ (!Algorithms \/ GPL)) /\ (!_Undirected \/ Undirected)) /\ (!Undirected \/ _Undirected)) /\ (!Number \/ _Algorithms)) /\ (!Connected \/ _Algorithms)) /\ (!Transpose \/ _Algorithms)) /\ (!MSTPrim \/ _Algorithms)) /\ (!MSTKruskal \/ _Algorithms)) /\ (!Shortest \/ _Algorithms)) /\ (!Cycle \/ _Algorithms)) /\ (!StronglyConnected \/ _Algorithms)) /\ (!_SearchBase \/ SearchBase)) /\ (!SearchBase \/ _SearchBase)) /\ (!GN_OnlyNeighbors \/ _NewCompound1)) /\ (!G_NoEdges \/ _NewCompound1)) /\ (!GEN_Edges \/ _NewCompound1)) /\ (!_SearchI \/ SearchAlg)) /\ (!SearchAlg \/ _SearchI)) /\ (!_BFS \/ BFS)) /\ (!BFS \/ _BFS)) /\ (!_Directed \/ Directed)) /\ (!Directed \/ _Directed)) /\ (!_BaseImpl \/ NewCompound1)) /\ (!NewCompound1 \/ _BaseImpl)) /\ (!EdgeObjects \/ _BaseImpl)) /\ (!_DFS \/ DFS)) /\ (!DFS \/ _DFS)) /\ (!Prog \/ Benchmark)) /\ (!GEN_Edges \/ EdgeObjects)) /\ (!DFS \/ SearchBase)) /\ (!BFS \/ SearchBase)) /\ (!Number \/ SearchBase)) /\ (!Connected \/ SearchBase)) /\ (!Connected \/ Undirected)) /\ (!StronglyConnected \/ Directed)) /\ (!StronglyConnected \/ DFS)) /\ (!StronglyConnected \/ Transpose)) /\ (!Cycle \/ DFS)) /\ (!MSTPrim \/ EdgeObjects)) /\ (!MSTPrim \/ Undirected)) /\ (!MSTPrim \/ Weighted)) /\ (!MSTKruskal \/ EdgeObjects)) /\ (!MSTKruskal \/ Undirected)) /\ (!MSTKruskal \/ Weighted)) /\ (!Shortest \/ Directed)) /\ (!Shortest \/ Weighted)) /\ SPL)
10.5	reachable variables (SENS)	577	@ ((((((((((((((((((((((((((((((((((((((((((((((((((((((((((((((((((((((((((((((!Algorithms \/ _Algorithms) /\ (!_Algorithms \/ Algorithms)) /\ (!NewCompound1 \/ _NewCompound1)) /\ (!_NewCompound1 \/ NewCompound1)) /\ (!BaseImpl \/ _BaseImpl)) /\ (!_BaseImpl \/ BaseImpl)) /\ (((!SearchAlg \/ _SearchBase) \/ _BFS) \/ _DFS)) /\ (!_SearchBase \/ SearchAlg)) /\ (!_BFS \/ SearchAlg)) /\ (!_DFS \/ SearchAlg)) /\ (!_SearchBase \/ !_BFS)) /\ (!_SearchBase \/ !_DFS)) /\ (!_BFS \/ !_DFS)) /\ (!SearchI \/ _SearchI)) /\ (!_SearchI \/ SearchI)) /\ ((!Edges \/ _Undirected) \/ _Directed)) /\ (!_Undirected \/ Edges)) /\ (!_Directed \/ Edges)) /\ (!_Undirected \/ !_Directed)) /\ (!SPL \/ GPL)) /\ (!GPL \/ SPL)) /\ (!Base \/ GPL)) /\ (!Benchmark \/ GPL)) /\ (!Prog \/ GPL)) /\ (!GPL \/ Edges)) /\ (!Edges \/ GPL)) /\ (!Weighted \/ GPL)) /\ (!GPL \/ BaseImpl)) /\ (!BaseImpl \/ GPL)) /\ (!SearchI \/ GPL)) /\ (!GPL \/ Algorithms)) /\ (!Algorithms \/ GPL)) /\ (!_Undirected \/ Undirected)) /\ (!Undirected \/ _Undirected)) /\ (!Number \/ _Algorithms)) /\ (!Connected \/ _Algorithms)) /\ (!Transpose \/ _Algorithms)) /\ (!MSTPrim \/ _Algorithms)) /\ (!MSTKruskal \/ _Algorithms)) /\ (!Shortest \/ _Algorithms)) /\ (!Cycle \/ _Algorithms)) /\ (!StronglyConnected \/ _Algorithms)) /\ (!_SearchBase \/ SearchBase)) /\ (!SearchBase \/ _SearchBase)) /\ (!GN_OnlyNeighbors \/ _NewCompound1)) /\ (!G_NoEdges \/ _NewCompound1)) /\ (!GEN_Edges \/ _NewCompound1)) /\ (!_SearchI \/ SearchAlg)) /\ (!SearchAlg \/ _SearchI)) /\ (!_BFS \/ BFS)) /\ (!BFS \/ _BFS)) /\ (!_Directed \/ Directed)) /\ (!Directed \/ _Directed)) /\ (!_BaseImpl \/ NewCompound1)) /\ (!NewCompound1 \/ _BaseImpl)) /\ (!EdgeObjects \/ _BaseImpl)) /\ (!_DFS \/ DFS)) /\ (!DFS \/ _DFS)) /\ (!Prog \/ Benchmark)) /\ (!GEN_Edges \/ EdgeObjects)) /\ (!DFS \/ SearchBase)) /\ (!BFS \/ SearchBase)) /\ (!Number \/ SearchBase)) /\ (!Connected \/ SearchBase)) /\ (!Connected \/ Undirected)) /\ (!StronglyConnected \/ Directed)) /\ (!StronglyConnected \/ DFS)) /\ (!StronglyConnected \/ Transpose)) /\ (!Cycle \/ DFS)) /\ (!MSTPrim \/ EdgeObjects)) /\ (!MSTPrim \/ Undirected)) /\ (!MSTPrim \/ Weighted)) /\ (!MSTKruskal \/ EdgeObjects)) /\ (!MSTKruskal \/ Undirected)) /\ (!MSTKruskal \/ Weighted)) /\ (!Shortest \/ Directed)) /\ (!Shortest \/ Weighted)) /\ SPL)
2.0	array index points-to (INS)	6	@ ((((((((((((((((((((((((((((((((((((((((((((((((((((((((((((((((((((((((((((((!Algorithms \/ _Algorithms) /\ (!_Algorithms \/ Algorithms)) /\ (!NewCompound1 \/ _NewCompound1)) /\ (!_NewCompound1 \/ NewCompound1)) /\ (!BaseImpl \/ _BaseImpl)) /\ (!_BaseImpl \/ BaseImpl)) /\ (((!SearchAlg \/ _SearchBase) \/ _BFS) \/ _DFS)) /\ (!_SearchBase \/ SearchAlg)) /\ (!_BFS \/ SearchAlg)) /\ (!_DFS \/ SearchAlg)) /\ (!_SearchBase \/ !_BFS)) /\ (!_SearchBase \/ !_DFS)) /\ (!_BFS \/ !_DFS)) /\ (!SearchI \/ _SearchI)) /\ (!_SearchI \/ SearchI)) /\ ((!Edges \/ _Undirected) \/ _Directed)) /\ (!_Undirected \/ Edges)) /\ (!_Directed \/ Edges)) /\ (!_Undirected \/ !_Directed)) /\ (!SPL \/ GPL)) /\ (!GPL \/ SPL)) /\ (!Base \/ GPL)) /\ (!Benchmark \/ GPL)) /\ (!Prog \/ GPL)) /\ (!GPL \/ Edges)) /\ (!Edges \/ GPL)) /\ (!Weighted \/ GPL)) /\ (!GPL \/ BaseImpl)) /\ (!BaseImpl \/ GPL)) /\ (!SearchI \/ GPL)) /\ (!GPL \/ Algorithms)) /\ (!Algorithms \/ GPL)) /\ (!_Undirected \/ Undirected)) /\ (!Undirected \/ _Undirected)) /\ (!Number \/ _Algorithms)) /\ (!Connected \/ _Algorithms)) /\ (!Transpose \/ _Algorithms)) /\ (!MSTPrim \/ _Algorithms)) /\ (!MSTKruskal \/ _Algorithms)) /\ (!Shortest \/ _Algorithms)) /\ (!Cycle \/ _Algorithms)) /\ (!StronglyConnected \/ _Algorithms)) /\ (!_SearchBase \/ SearchBase)) /\ (!SearchBase \/ _SearchBase)) /\ (!GN_OnlyNeighbors \/ _NewCompound1)) /\ (!G_NoEdges \/ _NewCompound1)) /\ (!GEN_Edges \/ _NewCompound1)) /\ (!_SearchI \/ SearchAlg)) /\ (!SearchAlg \/ _SearchI)) /\ (!_BFS \/ BFS)) /\ (!BFS \/ _BFS)) /\ (!_Directed \/ Directed)) /\ (!Directed \/ _Directed)) /\ (!_BaseImpl \/ NewCompound1)) /\ (!NewCompound1 \/ _BaseImpl)) /\ (!EdgeObjects \/ _BaseImpl)) /\ (!_DFS \/ DFS)) /\ (!DFS \/ _DFS)) /\ (!Prog \/ Benchmark)) /\ (!GEN_Edges \/ EdgeObjects)) /\ (!DFS \/ SearchBase)) /\ (!BFS \/ SearchBase)) /\ (!Number \/ SearchBase)) /\ (!Connected \/ SearchBase)) /\ (!Connected \/ Undirected)) /\ (!StronglyConnected \/ Directed)) /\ (!StronglyConnected \/ DFS)) /\ (!StronglyConnected \/ Transpose)) /\ (!Cycle \/ DFS)) /\ (!MSTPrim \/ EdgeObjects)) /\ (!MSTPrim \/ Undirected)) /\ (!MSTPrim \/ Weighted)) /\ (!MSTKruskal \/ EdgeObjects)) /\ (!MSTKruskal \/ Undirected)) /\ (!MSTKruskal \/ Weighted)) /\ (!Shortest \/ Directed)) /\ (!Shortest \/ Weighted)) /\ SPL)
2.5	array index points-to (SENS)	6	@ ((((((((((((((((((((((((((((((((((((((((((((((((((((((((((((((((((((((((((((((!Algorithms \/ _Algorithms) /\ (!_Algorithms \/ Algorithms)) /\ (!NewCompound1 \/ _NewCompound1)) /\ (!_NewCompound1 \/ NewCompound1)) /\ (!BaseImpl \/ _BaseImpl)) /\ (!_BaseImpl \/ BaseImpl)) /\ (((!SearchAlg \/ _SearchBase) \/ _BFS) \/ _DFS)) /\ (!_SearchBase \/ SearchAlg)) /\ (!_BFS \/ SearchAlg)) /\ (!_DFS \/ SearchAlg)) /\ (!_SearchBase \/ !_BFS)) /\ (!_SearchBase \/ !_DFS)) /\ (!_BFS \/ !_DFS)) /\ (!SearchI \/ _SearchI)) /\ (!_SearchI \/ SearchI)) /\ ((!Edges \/ _Undirected) \/ _Directed)) /\ (!_Undirected \/ Edges)) /\ (!_Directed \/ Edges)) /\ (!_Undirected \/ !_Directed)) /\ (!SPL \/ GPL)) /\ (!GPL \/ SPL)) /\ (!Base \/ GPL)) /\ (!Benchmark \/ GPL)) /\ (!Prog \/ GPL)) /\ (!GPL \/ Edges)) /\ (!Edges \/ GPL)) /\ (!Weighted \/ GPL)) /\ (!GPL \/ BaseImpl)) /\ (!BaseImpl \/ GPL)) /\ (!SearchI \/ GPL)) /\ (!GPL \/ Algorithms)) /\ (!Algorithms \/ GPL)) /\ (!_Undirected \/ Undirected)) /\ (!Undirected \/ _Undirected)) /\ (!Number \/ _Algorithms)) /\ (!Connected \/ _Algorithms)) /\ (!Transpose \/ _Algorithms)) /\ (!MSTPrim \/ _Algorithms)) /\ (!MSTKruskal \/ _Algorithms)) /\ (!Shortest \/ _Algorithms)) /\ (!Cycle \/ _Algorithms)) /\ (!StronglyConnected \/ _Algorithms)) /\ (!_SearchBase \/ SearchBase)) /\ (!SearchBase \/ _SearchBase)) /\ (!GN_OnlyNeighbors \/ _NewCompound1)) /\ (!G_NoEdges \/ _NewCompound1)) /\ (!GEN_Edges \/ _NewCompound1)) /\ (!_SearchI \/ SearchAlg)) /\ (!SearchAlg \/ _SearchI)) /\ (!_BFS \/ BFS)) /\ (!BFS \/ _BFS)) /\ (!_Directed \/ Directed)) /\ (!Directed \/ _Directed)) /\ (!_BaseImpl \/ NewCompound1)) /\ (!NewCompound1 \/ _BaseImpl)) /\ (!EdgeObjects \/ _BaseImpl)) /\ (!_DFS \/ DFS)) /\ (!DFS \/ _DFS)) /\ (!Prog \/ Benchmark)) /\ (!GEN_Edges \/ EdgeObjects)) /\ (!DFS \/ SearchBase)) /\ (!BFS \/ SearchBase)) /\ (!Number \/ SearchBase)) /\ (!Connected \/ SearchBase)) /\ (!Connected \/ Undirected)) /\ (!StronglyConnected \/ Directed)) /\ (!StronglyConnected \/ DFS)) /\ (!StronglyConnected \/ Transpose)) /\ (!Cycle \/ DFS)) /\ (!MSTPrim \/ EdgeObjects)) /\ (!MSTPrim \/ Undirected)) /\ (!MSTPrim \/ Weighted)) /\ (!MSTKruskal \/ EdgeObjects)) /\ (!MSTKruskal \/ Undirected)) /\ (!MSTKruskal \/ Weighted)) /\ (!Shortest \/ Directed)) /\ (!Shortest \/ Weighted)) /\ SPL)
6.0	app array index points-to (INS)	5	@ ((((((((((((((((((((((((((((((((((((((((((((((((((((((((((((((((((((((((((((((!Algorithms \/ _Algorithms) /\ (!_Algorithms \/ Algorithms)) /\ (!NewCompound1 \/ _NewCompound1)) /\ (!_NewCompound1 \/ NewCompound1)) /\ (!BaseImpl \/ _BaseImpl)) /\ (!_BaseImpl \/ BaseImpl)) /\ (((!SearchAlg \/ _SearchBase) \/ _BFS) \/ _DFS)) /\ (!_SearchBase \/ SearchAlg)) /\ (!_BFS \/ SearchAlg)) /\ (!_DFS \/ SearchAlg)) /\ (!_SearchBase \/ !_BFS)) /\ (!_SearchBase \/ !_DFS)) /\ (!_BFS \/ !_DFS)) /\ (!SearchI \/ _SearchI)) /\ (!_SearchI \/ SearchI)) /\ ((!Edges \/ _Undirected) \/ _Directed)) /\ (!_Undirected \/ Edges)) /\ (!_Directed \/ Edges)) /\ (!_Undirected \/ !_Directed)) /\ (!SPL \/ GPL)) /\ (!GPL \/ SPL)) /\ (!Base \/ GPL)) /\ (!Benchmark \/ GPL)) /\ (!Prog \/ GPL)) /\ (!GPL \/ Edges)) /\ (!Edges \/ GPL)) /\ (!Weighted \/ GPL)) /\ (!GPL \/ BaseImpl)) /\ (!BaseImpl \/ GPL)) /\ (!SearchI \/ GPL)) /\ (!GPL \/ Algorithms)) /\ (!Algorithms \/ GPL)) /\ (!_Undirected \/ Undirected)) /\ (!Undirected \/ _Undirected)) /\ (!Number \/ _Algorithms)) /\ (!Connected \/ _Algorithms)) /\ (!Transpose \/ _Algorithms)) /\ (!MSTPrim \/ _Algorithms)) /\ (!MSTKruskal \/ _Algorithms)) /\ (!Shortest \/ _Algorithms)) /\ (!Cycle \/ _Algorithms)) /\ (!StronglyConnected \/ _Algorithms)) /\ (!_SearchBase \/ SearchBase)) /\ (!SearchBase \/ _SearchBase)) /\ (!GN_OnlyNeighbors \/ _NewCompound1)) /\ (!G_NoEdges \/ _NewCompound1)) /\ (!GEN_Edges \/ _NewCompound1)) /\ (!_SearchI \/ SearchAlg)) /\ (!SearchAlg \/ _SearchI)) /\ (!_BFS \/ BFS)) /\ (!BFS \/ _BFS)) /\ (!_Directed \/ Directed)) /\ (!Directed \/ _Directed)) /\ (!_BaseImpl \/ NewCompound1)) /\ (!NewCompound1 \/ _BaseImpl)) /\ (!EdgeObjects \/ _BaseImpl)) /\ (!_DFS \/ DFS)) /\ (!DFS \/ _DFS)) /\ (!Prog \/ Benchmark)) /\ (!GEN_Edges \/ EdgeObjects)) /\ (!DFS \/ SearchBase)) /\ (!BFS \/ SearchBase)) /\ (!Number \/ SearchBase)) /\ (!Connected \/ SearchBase)) /\ (!Connected \/ Undirected)) /\ (!StronglyConnected \/ Directed)) /\ (!StronglyConnected \/ DFS)) /\ (!StronglyConnected \/ Transpose)) /\ (!Cycle \/ DFS)) /\ (!MSTPrim \/ EdgeObjects)) /\ (!MSTPrim \/ Undirected)) /\ (!MSTPrim \/ Weighted)) /\ (!MSTKruskal \/ EdgeObjects)) /\ (!MSTKruskal \/ Undirected)) /\ (!MSTKruskal \/ Weighted)) /\ (!Shortest \/ Directed)) /\ (!Shortest \/ Weighted)) /\ SPL)
6.5	app array index points-to (SENS)	5	@ ((((((((((((((((((((((((((((((((((((((((((((((((((((((((((((((((((((((((((((((!Algorithms \/ _Algorithms) /\ (!_Algorithms \/ Algorithms)) /\ (!NewCompound1 \/ _NewCompound1)) /\ (!_NewCompound1 \/ NewCompound1)) /\ (!BaseImpl \/ _BaseImpl)) /\ (!_BaseImpl \/ BaseImpl)) /\ (((!SearchAlg \/ _SearchBase) \/ _BFS) \/ _DFS)) /\ (!_SearchBase \/ SearchAlg)) /\ (!_BFS \/ SearchAlg)) /\ (!_DFS \/ SearchAlg)) /\ (!_SearchBase \/ !_BFS)) /\ (!_SearchBase \/ !_DFS)) /\ (!_BFS \/ !_DFS)) /\ (!SearchI \/ _SearchI)) /\ (!_SearchI \/ SearchI)) /\ ((!Edges \/ _Undirected) \/ _Directed)) /\ (!_Undirected \/ Edges)) /\ (!_Directed \/ Edges)) /\ (!_Undirected \/ !_Directed)) /\ (!SPL \/ GPL)) /\ (!GPL \/ SPL)) /\ (!Base \/ GPL)) /\ (!Benchmark \/ GPL)) /\ (!Prog \/ GPL)) /\ (!GPL \/ Edges)) /\ (!Edges \/ GPL)) /\ (!Weighted \/ GPL)) /\ (!GPL \/ BaseImpl)) /\ (!BaseImpl \/ GPL)) /\ (!SearchI \/ GPL)) /\ (!GPL \/ Algorithms)) /\ (!Algorithms \/ GPL)) /\ (!_Undirected \/ Undirected)) /\ (!Undirected \/ _Undirected)) /\ (!Number \/ _Algorithms)) /\ (!Connected \/ _Algorithms)) /\ (!Transpose \/ _Algorithms)) /\ (!MSTPrim \/ _Algorithms)) /\ (!MSTKruskal \/ _Algorithms)) /\ (!Shortest \/ _Algorithms)) /\ (!Cycle \/ _Algorithms)) /\ (!StronglyConnected \/ _Algorithms)) /\ (!_SearchBase \/ SearchBase)) /\ (!SearchBase \/ _SearchBase)) /\ (!GN_OnlyNeighbors \/ _NewCompound1)) /\ (!G_NoEdges \/ _NewCompound1)) /\ (!GEN_Edges \/ _NewCompound1)) /\ (!_SearchI \/ SearchAlg)) /\ (!SearchAlg \/ _SearchI)) /\ (!_BFS \/ BFS)) /\ (!BFS \/ _BFS)) /\ (!_Directed \/ Directed)) /\ (!Directed \/ _Directed)) /\ (!_BaseImpl \/ NewCompound1)) /\ (!NewCompound1 \/ _BaseImpl)) /\ (!EdgeObjects \/ _BaseImpl)) /\ (!_DFS \/ DFS)) /\ (!DFS \/ _DFS)) /\ (!Prog \/ Benchmark)) /\ (!GEN_Edges \/ EdgeObjects)) /\ (!DFS \/ SearchBase)) /\ (!BFS \/ SearchBase)) /\ (!Number \/ SearchBase)) /\ (!Connected \/ SearchBase)) /\ (!Connected \/ Undirected)) /\ (!StronglyConnected \/ Directed)) /\ (!StronglyConnected \/ DFS)) /\ (!StronglyConnected \/ Transpose)) /\ (!Cycle \/ DFS)) /\ (!MSTPrim \/ EdgeObjects)) /\ (!MSTPrim \/ Undirected)) /\ (!MSTPrim \/ Weighted)) /\ (!MSTKruskal \/ EdgeObjects)) /\ (!MSTKruskal \/ Undirected)) /\ (!MSTKruskal \/ Weighted)) /\ (!Shortest \/ Directed)) /\ (!Shortest \/ Weighted)) /\ SPL)
3.0	instance field points-to (INS)	55	@ ((((((((((((((((((((((((((((((((((((((((((((((((((((((((((((((((((((((((((((((!Algorithms \/ _Algorithms) /\ (!_Algorithms \/ Algorithms)) /\ (!NewCompound1 \/ _NewCompound1)) /\ (!_NewCompound1 \/ NewCompound1)) /\ (!BaseImpl \/ _BaseImpl)) /\ (!_BaseImpl \/ BaseImpl)) /\ (((!SearchAlg \/ _SearchBase) \/ _BFS) \/ _DFS)) /\ (!_SearchBase \/ SearchAlg)) /\ (!_BFS \/ SearchAlg)) /\ (!_DFS \/ SearchAlg)) /\ (!_SearchBase \/ !_BFS)) /\ (!_SearchBase \/ !_DFS)) /\ (!_BFS \/ !_DFS)) /\ (!SearchI \/ _SearchI)) /\ (!_SearchI \/ SearchI)) /\ ((!Edges \/ _Undirected) \/ _Directed)) /\ (!_Undirected \/ Edges)) /\ (!_Directed \/ Edges)) /\ (!_Undirected \/ !_Directed)) /\ (!SPL \/ GPL)) /\ (!GPL \/ SPL)) /\ (!Base \/ GPL)) /\ (!Benchmark \/ GPL)) /\ (!Prog \/ GPL)) /\ (!GPL \/ Edges)) /\ (!Edges \/ GPL)) /\ (!Weighted \/ GPL)) /\ (!GPL \/ BaseImpl)) /\ (!BaseImpl \/ GPL)) /\ (!SearchI \/ GPL)) /\ (!GPL \/ Algorithms)) /\ (!Algorithms \/ GPL)) /\ (!_Undirected \/ Undirected)) /\ (!Undirected \/ _Undirected)) /\ (!Number \/ _Algorithms)) /\ (!Connected \/ _Algorithms)) /\ (!Transpose \/ _Algorithms)) /\ (!MSTPrim \/ _Algorithms)) /\ (!MSTKruskal \/ _Algorithms)) /\ (!Shortest \/ _Algorithms)) /\ (!Cycle \/ _Algorithms)) /\ (!StronglyConnected \/ _Algorithms)) /\ (!_SearchBase \/ SearchBase)) /\ (!SearchBase \/ _SearchBase)) /\ (!GN_OnlyNeighbors \/ _NewCompound1)) /\ (!G_NoEdges \/ _NewCompound1)) /\ (!GEN_Edges \/ _NewCompound1)) /\ (!_SearchI \/ SearchAlg)) /\ (!SearchAlg \/ _SearchI)) /\ (!_BFS \/ BFS)) /\ (!BFS \/ _BFS)) /\ (!_Directed \/ Directed)) /\ (!Directed \/ _Directed)) /\ (!_BaseImpl \/ NewCompound1)) /\ (!NewCompound1 \/ _BaseImpl)) /\ (!EdgeObjects \/ _BaseImpl)) /\ (!_DFS \/ DFS)) /\ (!DFS \/ _DFS)) /\ (!Prog \/ Benchmark)) /\ (!GEN_Edges \/ EdgeObjects)) /\ (!DFS \/ SearchBase)) /\ (!BFS \/ SearchBase)) /\ (!Number \/ SearchBase)) /\ (!Connected \/ SearchBase)) /\ (!Connected \/ Undirected)) /\ (!StronglyConnected \/ Directed)) /\ (!StronglyConnected \/ DFS)) /\ (!StronglyConnected \/ Transpose)) /\ (!Cycle \/ DFS)) /\ (!MSTPrim \/ EdgeObjects)) /\ (!MSTPrim \/ Undirected)) /\ (!MSTPrim \/ Weighted)) /\ (!MSTKruskal \/ EdgeObjects)) /\ (!MSTKruskal \/ Undirected)) /\ (!MSTKruskal \/ Weighted)) /\ (!Shortest \/ Directed)) /\ (!Shortest \/ Weighted)) /\ SPL)
3.5	instance field points-to (SENS)	55	@ ((((((((((((((((((((((((((((((((((((((((((((((((((((((((((((((((((((((((((((((!Algorithms \/ _Algorithms) /\ (!_Algorithms \/ Algorithms)) /\ (!NewCompound1 \/ _NewCompound1)) /\ (!_NewCompound1 \/ NewCompound1)) /\ (!BaseImpl \/ _BaseImpl)) /\ (!_BaseImpl \/ BaseImpl)) /\ (((!SearchAlg \/ _SearchBase) \/ _BFS) \/ _DFS)) /\ (!_SearchBase \/ SearchAlg)) /\ (!_BFS \/ SearchAlg)) /\ (!_DFS \/ SearchAlg)) /\ (!_SearchBase \/ !_BFS)) /\ (!_SearchBase \/ !_DFS)) /\ (!_BFS \/ !_DFS)) /\ (!SearchI \/ _SearchI)) /\ (!_SearchI \/ SearchI)) /\ ((!Edges \/ _Undirected) \/ _Directed)) /\ (!_Undirected \/ Edges)) /\ (!_Directed \/ Edges)) /\ (!_Undirected \/ !_Directed)) /\ (!SPL \/ GPL)) /\ (!GPL \/ SPL)) /\ (!Base \/ GPL)) /\ (!Benchmark \/ GPL)) /\ (!Prog \/ GPL)) /\ (!GPL \/ Edges)) /\ (!Edges \/ GPL)) /\ (!Weighted \/ GPL)) /\ (!GPL \/ BaseImpl)) /\ (!BaseImpl \/ GPL)) /\ (!SearchI \/ GPL)) /\ (!GPL \/ Algorithms)) /\ (!Algorithms \/ GPL)) /\ (!_Undirected \/ Undirected)) /\ (!Undirected \/ _Undirected)) /\ (!Number \/ _Algorithms)) /\ (!Connected \/ _Algorithms)) /\ (!Transpose \/ _Algorithms)) /\ (!MSTPrim \/ _Algorithms)) /\ (!MSTKruskal \/ _Algorithms)) /\ (!Shortest \/ _Algorithms)) /\ (!Cycle \/ _Algorithms)) /\ (!StronglyConnected \/ _Algorithms)) /\ (!_SearchBase \/ SearchBase)) /\ (!SearchBase \/ _SearchBase)) /\ (!GN_OnlyNeighbors \/ _NewCompound1)) /\ (!G_NoEdges \/ _NewCompound1)) /\ (!GEN_Edges \/ _NewCompound1)) /\ (!_SearchI \/ SearchAlg)) /\ (!SearchAlg \/ _SearchI)) /\ (!_BFS \/ BFS)) /\ (!BFS \/ _BFS)) /\ (!_Directed \/ Directed)) /\ (!Directed \/ _Directed)) /\ (!_BaseImpl \/ NewCompound1)) /\ (!NewCompound1 \/ _BaseImpl)) /\ (!EdgeObjects \/ _BaseImpl)) /\ (!_DFS \/ DFS)) /\ (!DFS \/ _DFS)) /\ (!Prog \/ Benchmark)) /\ (!GEN_Edges \/ EdgeObjects)) /\ (!DFS \/ SearchBase)) /\ (!BFS \/ SearchBase)) /\ (!Number \/ SearchBase)) /\ (!Connected \/ SearchBase)) /\ (!Connected \/ Undirected)) /\ (!StronglyConnected \/ Directed)) /\ (!StronglyConnected \/ DFS)) /\ (!StronglyConnected \/ Transpose)) /\ (!Cycle \/ DFS)) /\ (!MSTPrim \/ EdgeObjects)) /\ (!MSTPrim \/ Undirected)) /\ (!MSTPrim \/ Weighted)) /\ (!MSTKruskal \/ EdgeObjects)) /\ (!MSTKruskal \/ Undirected)) /\ (!MSTKruskal \/ Weighted)) /\ (!Shortest \/ Directed)) /\ (!Shortest \/ Weighted)) /\ SPL)
4.0	static field points-to (INS)	3	@ ((((((((((((((((((((((((((((((((((((((((((((((((((((((((((((((((((((((((((((((!Algorithms \/ _Algorithms) /\ (!_Algorithms \/ Algorithms)) /\ (!NewCompound1 \/ _NewCompound1)) /\ (!_NewCompound1 \/ NewCompound1)) /\ (!BaseImpl \/ _BaseImpl)) /\ (!_BaseImpl \/ BaseImpl)) /\ (((!SearchAlg \/ _SearchBase) \/ _BFS) \/ _DFS)) /\ (!_SearchBase \/ SearchAlg)) /\ (!_BFS \/ SearchAlg)) /\ (!_DFS \/ SearchAlg)) /\ (!_SearchBase \/ !_BFS)) /\ (!_SearchBase \/ !_DFS)) /\ (!_BFS \/ !_DFS)) /\ (!SearchI \/ _SearchI)) /\ (!_SearchI \/ SearchI)) /\ ((!Edges \/ _Undirected) \/ _Directed)) /\ (!_Undirected \/ Edges)) /\ (!_Directed \/ Edges)) /\ (!_Undirected \/ !_Directed)) /\ (!SPL \/ GPL)) /\ (!GPL \/ SPL)) /\ (!Base \/ GPL)) /\ (!Benchmark \/ GPL)) /\ (!Prog \/ GPL)) /\ (!GPL \/ Edges)) /\ (!Edges \/ GPL)) /\ (!Weighted \/ GPL)) /\ (!GPL \/ BaseImpl)) /\ (!BaseImpl \/ GPL)) /\ (!SearchI \/ GPL)) /\ (!GPL \/ Algorithms)) /\ (!Algorithms \/ GPL)) /\ (!_Undirected \/ Undirected)) /\ (!Undirected \/ _Undirected)) /\ (!Number \/ _Algorithms)) /\ (!Connected \/ _Algorithms)) /\ (!Transpose \/ _Algorithms)) /\ (!MSTPrim \/ _Algorithms)) /\ (!MSTKruskal \/ _Algorithms)) /\ (!Shortest \/ _Algorithms)) /\ (!Cycle \/ _Algorithms)) /\ (!StronglyConnected \/ _Algorithms)) /\ (!_SearchBase \/ SearchBase)) /\ (!SearchBase \/ _SearchBase)) /\ (!GN_OnlyNeighbors \/ _NewCompound1)) /\ (!G_NoEdges \/ _NewCompound1)) /\ (!GEN_Edges \/ _NewCompound1)) /\ (!_SearchI \/ SearchAlg)) /\ (!SearchAlg \/ _SearchI)) /\ (!_BFS \/ BFS)) /\ (!BFS \/ _BFS)) /\ (!_Directed \/ Directed)) /\ (!Directed \/ _Directed)) /\ (!_BaseImpl \/ NewCompound1)) /\ (!NewCompound1 \/ _BaseImpl)) /\ (!EdgeObjects \/ _BaseImpl)) /\ (!_DFS \/ DFS)) /\ (!DFS \/ _DFS)) /\ (!Prog \/ Benchmark)) /\ (!GEN_Edges \/ EdgeObjects)) /\ (!DFS \/ SearchBase)) /\ (!BFS \/ SearchBase)) /\ (!Number \/ SearchBase)) /\ (!Connected \/ SearchBase)) /\ (!Connected \/ Undirected)) /\ (!StronglyConnected \/ Directed)) /\ (!StronglyConnected \/ DFS)) /\ (!StronglyConnected \/ Transpose)) /\ (!Cycle \/ DFS)) /\ (!MSTPrim \/ EdgeObjects)) /\ (!MSTPrim \/ Undirected)) /\ (!MSTPrim \/ Weighted)) /\ (!MSTKruskal \/ EdgeObjects)) /\ (!MSTKruskal \/ Undirected)) /\ (!MSTKruskal \/ Weighted)) /\ (!Shortest \/ Directed)) /\ (!Shortest \/ Weighted)) /\ SPL)
4.5	static field points-to (SENS)	3	@ ((((((((((((((((((((((((((((((((((((((((((((((((((((((((((((((((((((((((((((((!Algorithms \/ _Algorithms) /\ (!_Algorithms \/ Algorithms)) /\ (!NewCompound1 \/ _NewCompound1)) /\ (!_NewCompound1 \/ NewCompound1)) /\ (!BaseImpl \/ _BaseImpl)) /\ (!_BaseImpl \/ BaseImpl)) /\ (((!SearchAlg \/ _SearchBase) \/ _BFS) \/ _DFS)) /\ (!_SearchBase \/ SearchAlg)) /\ (!_BFS \/ SearchAlg)) /\ (!_DFS \/ SearchAlg)) /\ (!_SearchBase \/ !_BFS)) /\ (!_SearchBase \/ !_DFS)) /\ (!_BFS \/ !_DFS)) /\ (!SearchI \/ _SearchI)) /\ (!_SearchI \/ SearchI)) /\ ((!Edges \/ _Undirected) \/ _Directed)) /\ (!_Undirected \/ Edges)) /\ (!_Directed \/ Edges)) /\ (!_Undirected \/ !_Directed)) /\ (!SPL \/ GPL)) /\ (!GPL \/ SPL)) /\ (!Base \/ GPL)) /\ (!Benchmark \/ GPL)) /\ (!Prog \/ GPL)) /\ (!GPL \/ Edges)) /\ (!Edges \/ GPL)) /\ (!Weighted \/ GPL)) /\ (!GPL \/ BaseImpl)) /\ (!BaseImpl \/ GPL)) /\ (!SearchI \/ GPL)) /\ (!GPL \/ Algorithms)) /\ (!Algorithms \/ GPL)) /\ (!_Undirected \/ Undirected)) /\ (!Undirected \/ _Undirected)) /\ (!Number \/ _Algorithms)) /\ (!Connected \/ _Algorithms)) /\ (!Transpose \/ _Algorithms)) /\ (!MSTPrim \/ _Algorithms)) /\ (!MSTKruskal \/ _Algorithms)) /\ (!Shortest \/ _Algorithms)) /\ (!Cycle \/ _Algorithms)) /\ (!StronglyConnected \/ _Algorithms)) /\ (!_SearchBase \/ SearchBase)) /\ (!SearchBase \/ _SearchBase)) /\ (!GN_OnlyNeighbors \/ _NewCompound1)) /\ (!G_NoEdges \/ _NewCompound1)) /\ (!GEN_Edges \/ _NewCompound1)) /\ (!_SearchI \/ SearchAlg)) /\ (!SearchAlg \/ _SearchI)) /\ (!_BFS \/ BFS)) /\ (!BFS \/ _BFS)) /\ (!_Directed \/ Directed)) /\ (!Directed \/ _Directed)) /\ (!_BaseImpl \/ NewCompound1)) /\ (!NewCompound1 \/ _BaseImpl)) /\ (!EdgeObjects \/ _BaseImpl)) /\ (!_DFS \/ DFS)) /\ (!DFS \/ _DFS)) /\ (!Prog \/ Benchmark)) /\ (!GEN_Edges \/ EdgeObjects)) /\ (!DFS \/ SearchBase)) /\ (!BFS \/ SearchBase)) /\ (!Number \/ SearchBase)) /\ (!Connected \/ SearchBase)) /\ (!Connected \/ Undirected)) /\ (!StronglyConnected \/ Directed)) /\ (!StronglyConnected \/ DFS)) /\ (!StronglyConnected \/ Transpose)) /\ (!Cycle \/ DFS)) /\ (!MSTPrim \/ EdgeObjects)) /\ (!MSTPrim \/ Undirected)) /\ (!MSTPrim \/ Weighted)) /\ (!MSTKruskal \/ EdgeObjects)) /\ (!MSTKruskal \/ Undirected)) /\ (!MSTKruskal \/ Weighted)) /\ (!Shortest \/ Directed)) /\ (!Shortest \/ Weighted)) /\ SPL)
7.0	app instance field points-to (INS)	44	@ ((((((((((((((((((((((((((((((((((((((((((((((((((((((((((((((((((((((((((((((!Algorithms \/ _Algorithms) /\ (!_Algorithms \/ Algorithms)) /\ (!NewCompound1 \/ _NewCompound1)) /\ (!_NewCompound1 \/ NewCompound1)) /\ (!BaseImpl \/ _BaseImpl)) /\ (!_BaseImpl \/ BaseImpl)) /\ (((!SearchAlg \/ _SearchBase) \/ _BFS) \/ _DFS)) /\ (!_SearchBase \/ SearchAlg)) /\ (!_BFS \/ SearchAlg)) /\ (!_DFS \/ SearchAlg)) /\ (!_SearchBase \/ !_BFS)) /\ (!_SearchBase \/ !_DFS)) /\ (!_BFS \/ !_DFS)) /\ (!SearchI \/ _SearchI)) /\ (!_SearchI \/ SearchI)) /\ ((!Edges \/ _Undirected) \/ _Directed)) /\ (!_Undirected \/ Edges)) /\ (!_Directed \/ Edges)) /\ (!_Undirected \/ !_Directed)) /\ (!SPL \/ GPL)) /\ (!GPL \/ SPL)) /\ (!Base \/ GPL)) /\ (!Benchmark \/ GPL)) /\ (!Prog \/ GPL)) /\ (!GPL \/ Edges)) /\ (!Edges \/ GPL)) /\ (!Weighted \/ GPL)) /\ (!GPL \/ BaseImpl)) /\ (!BaseImpl \/ GPL)) /\ (!SearchI \/ GPL)) /\ (!GPL \/ Algorithms)) /\ (!Algorithms \/ GPL)) /\ (!_Undirected \/ Undirected)) /\ (!Undirected \/ _Undirected)) /\ (!Number \/ _Algorithms)) /\ (!Connected \/ _Algorithms)) /\ (!Transpose \/ _Algorithms)) /\ (!MSTPrim \/ _Algorithms)) /\ (!MSTKruskal \/ _Algorithms)) /\ (!Shortest \/ _Algorithms)) /\ (!Cycle \/ _Algorithms)) /\ (!StronglyConnected \/ _Algorithms)) /\ (!_SearchBase \/ SearchBase)) /\ (!SearchBase \/ _SearchBase)) /\ (!GN_OnlyNeighbors \/ _NewCompound1)) /\ (!G_NoEdges \/ _NewCompound1)) /\ (!GEN_Edges \/ _NewCompound1)) /\ (!_SearchI \/ SearchAlg)) /\ (!SearchAlg \/ _SearchI)) /\ (!_BFS \/ BFS)) /\ (!BFS \/ _BFS)) /\ (!_Directed \/ Directed)) /\ (!Directed \/ _Directed)) /\ (!_BaseImpl \/ NewCompound1)) /\ (!NewCompound1 \/ _BaseImpl)) /\ (!EdgeObjects \/ _BaseImpl)) /\ (!_DFS \/ DFS)) /\ (!DFS \/ _DFS)) /\ (!Prog \/ Benchmark)) /\ (!GEN_Edges \/ EdgeObjects)) /\ (!DFS \/ SearchBase)) /\ (!BFS \/ SearchBase)) /\ (!Number \/ SearchBase)) /\ (!Connected \/ SearchBase)) /\ (!Connected \/ Undirected)) /\ (!StronglyConnected \/ Directed)) /\ (!StronglyConnected \/ DFS)) /\ (!StronglyConnected \/ Transpose)) /\ (!Cycle \/ DFS)) /\ (!MSTPrim \/ EdgeObjects)) /\ (!MSTPrim \/ Undirected)) /\ (!MSTPrim \/ Weighted)) /\ (!MSTKruskal \/ EdgeObjects)) /\ (!MSTKruskal \/ Undirected)) /\ (!MSTKruskal \/ Weighted)) /\ (!Shortest \/ Directed)) /\ (!Shortest \/ Weighted)) /\ SPL)
7.5	app instance field points-to (SENS)	44	@ ((((((((((((((((((((((((((((((((((((((((((((((((((((((((((((((((((((((((((((((!Algorithms \/ _Algorithms) /\ (!_Algorithms \/ Algorithms)) /\ (!NewCompound1 \/ _NewCompound1)) /\ (!_NewCompound1 \/ NewCompound1)) /\ (!BaseImpl \/ _BaseImpl)) /\ (!_BaseImpl \/ BaseImpl)) /\ (((!SearchAlg \/ _SearchBase) \/ _BFS) \/ _DFS)) /\ (!_SearchBase \/ SearchAlg)) /\ (!_BFS \/ SearchAlg)) /\ (!_DFS \/ SearchAlg)) /\ (!_SearchBase \/ !_BFS)) /\ (!_SearchBase \/ !_DFS)) /\ (!_BFS \/ !_DFS)) /\ (!SearchI \/ _SearchI)) /\ (!_SearchI \/ SearchI)) /\ ((!Edges \/ _Undirected) \/ _Directed)) /\ (!_Undirected \/ Edges)) /\ (!_Directed \/ Edges)) /\ (!_Undirected \/ !_Directed)) /\ (!SPL \/ GPL)) /\ (!GPL \/ SPL)) /\ (!Base \/ GPL)) /\ (!Benchmark \/ GPL)) /\ (!Prog \/ GPL)) /\ (!GPL \/ Edges)) /\ (!Edges \/ GPL)) /\ (!Weighted \/ GPL)) /\ (!GPL \/ BaseImpl)) /\ (!BaseImpl \/ GPL)) /\ (!SearchI \/ GPL)) /\ (!GPL \/ Algorithms)) /\ (!Algorithms \/ GPL)) /\ (!_Undirected \/ Undirected)) /\ (!Undirected \/ _Undirected)) /\ (!Number \/ _Algorithms)) /\ (!Connected \/ _Algorithms)) /\ (!Transpose \/ _Algorithms)) /\ (!MSTPrim \/ _Algorithms)) /\ (!MSTKruskal \/ _Algorithms)) /\ (!Shortest \/ _Algorithms)) /\ (!Cycle \/ _Algorithms)) /\ (!StronglyConnected \/ _Algorithms)) /\ (!_SearchBase \/ SearchBase)) /\ (!SearchBase \/ _SearchBase)) /\ (!GN_OnlyNeighbors \/ _NewCompound1)) /\ (!G_NoEdges \/ _NewCompound1)) /\ (!GEN_Edges \/ _NewCompound1)) /\ (!_SearchI \/ SearchAlg)) /\ (!SearchAlg \/ _SearchI)) /\ (!_BFS \/ BFS)) /\ (!BFS \/ _BFS)) /\ (!_Directed \/ Directed)) /\ (!Directed \/ _Directed)) /\ (!_BaseImpl \/ NewCompound1)) /\ (!NewCompound1 \/ _BaseImpl)) /\ (!EdgeObjects \/ _BaseImpl)) /\ (!_DFS \/ DFS)) /\ (!DFS \/ _DFS)) /\ (!Prog \/ Benchmark)) /\ (!GEN_Edges \/ EdgeObjects)) /\ (!DFS \/ SearchBase)) /\ (!BFS \/ SearchBase)) /\ (!Number \/ SearchBase)) /\ (!Connected \/ SearchBase)) /\ (!Connected \/ Undirected)) /\ (!StronglyConnected \/ Directed)) /\ (!StronglyConnected \/ DFS)) /\ (!StronglyConnected \/ Transpose)) /\ (!Cycle \/ DFS)) /\ (!MSTPrim \/ EdgeObjects)) /\ (!MSTPrim \/ Undirected)) /\ (!MSTPrim \/ Weighted)) /\ (!MSTKruskal \/ EdgeObjects)) /\ (!MSTKruskal \/ Undirected)) /\ (!MSTKruskal \/ Weighted)) /\ (!Shortest \/ Directed)) /\ (!Shortest \/ Weighted)) /\ SPL)
8.0	call graph edges (INS)	212	@ ((((((((((((((((((((((((((((((((((((((((((((((((((((((((((((((((((((((((((((((!Algorithms \/ _Algorithms) /\ (!_Algorithms \/ Algorithms)) /\ (!NewCompound1 \/ _NewCompound1)) /\ (!_NewCompound1 \/ NewCompound1)) /\ (!BaseImpl \/ _BaseImpl)) /\ (!_BaseImpl \/ BaseImpl)) /\ (((!SearchAlg \/ _SearchBase) \/ _BFS) \/ _DFS)) /\ (!_SearchBase \/ SearchAlg)) /\ (!_BFS \/ SearchAlg)) /\ (!_DFS \/ SearchAlg)) /\ (!_SearchBase \/ !_BFS)) /\ (!_SearchBase \/ !_DFS)) /\ (!_BFS \/ !_DFS)) /\ (!SearchI \/ _SearchI)) /\ (!_SearchI \/ SearchI)) /\ ((!Edges \/ _Undirected) \/ _Directed)) /\ (!_Undirected \/ Edges)) /\ (!_Directed \/ Edges)) /\ (!_Undirected \/ !_Directed)) /\ (!SPL \/ GPL)) /\ (!GPL \/ SPL)) /\ (!Base \/ GPL)) /\ (!Benchmark \/ GPL)) /\ (!Prog \/ GPL)) /\ (!GPL \/ Edges)) /\ (!Edges \/ GPL)) /\ (!Weighted \/ GPL)) /\ (!GPL \/ BaseImpl)) /\ (!BaseImpl \/ GPL)) /\ (!SearchI \/ GPL)) /\ (!GPL \/ Algorithms)) /\ (!Algorithms \/ GPL)) /\ (!_Undirected \/ Undirected)) /\ (!Undirected \/ _Undirected)) /\ (!Number \/ _Algorithms)) /\ (!Connected \/ _Algorithms)) /\ (!Transpose \/ _Algorithms)) /\ (!MSTPrim \/ _Algorithms)) /\ (!MSTKruskal \/ _Algorithms)) /\ (!Shortest \/ _Algorithms)) /\ (!Cycle \/ _Algorithms)) /\ (!StronglyConnected \/ _Algorithms)) /\ (!_SearchBase \/ SearchBase)) /\ (!SearchBase \/ _SearchBase)) /\ (!GN_OnlyNeighbors \/ _NewCompound1)) /\ (!G_NoEdges \/ _NewCompound1)) /\ (!GEN_Edges \/ _NewCompound1)) /\ (!_SearchI \/ SearchAlg)) /\ (!SearchAlg \/ _SearchI)) /\ (!_BFS \/ BFS)) /\ (!BFS \/ _BFS)) /\ (!_Directed \/ Directed)) /\ (!Directed \/ _Directed)) /\ (!_BaseImpl \/ NewCompound1)) /\ (!NewCompound1 \/ _BaseImpl)) /\ (!EdgeObjects \/ _BaseImpl)) /\ (!_DFS \/ DFS)) /\ (!DFS \/ _DFS)) /\ (!Prog \/ Benchmark)) /\ (!GEN_Edges \/ EdgeObjects)) /\ (!DFS \/ SearchBase)) /\ (!BFS \/ SearchBase)) /\ (!Number \/ SearchBase)) /\ (!Connected \/ SearchBase)) /\ (!Connected \/ Undirected)) /\ (!StronglyConnected \/ Directed)) /\ (!StronglyConnected \/ DFS)) /\ (!StronglyConnected \/ Transpose)) /\ (!Cycle \/ DFS)) /\ (!MSTPrim \/ EdgeObjects)) /\ (!MSTPrim \/ Undirected)) /\ (!MSTPrim \/ Weighted)) /\ (!MSTKruskal \/ EdgeObjects)) /\ (!MSTKruskal \/ Undirected)) /\ (!MSTKruskal \/ Weighted)) /\ (!Shortest \/ Directed)) /\ (!Shortest \/ Weighted)) /\ SPL)
8.5	call graph edges (SENS)	212	@ ((((((((((((((((((((((((((((((((((((((((((((((((((((((((((((((((((((((((((((((!Algorithms \/ _Algorithms) /\ (!_Algorithms \/ Algorithms)) /\ (!NewCompound1 \/ _NewCompound1)) /\ (!_NewCompound1 \/ NewCompound1)) /\ (!BaseImpl \/ _BaseImpl)) /\ (!_BaseImpl \/ BaseImpl)) /\ (((!SearchAlg \/ _SearchBase) \/ _BFS) \/ _DFS)) /\ (!_SearchBase \/ SearchAlg)) /\ (!_BFS \/ SearchAlg)) /\ (!_DFS \/ SearchAlg)) /\ (!_SearchBase \/ !_BFS)) /\ (!_SearchBase \/ !_DFS)) /\ (!_BFS \/ !_DFS)) /\ (!SearchI \/ _SearchI)) /\ (!_SearchI \/ SearchI)) /\ ((!Edges \/ _Undirected) \/ _Directed)) /\ (!_Undirected \/ Edges)) /\ (!_Directed \/ Edges)) /\ (!_Undirected \/ !_Directed)) /\ (!SPL \/ GPL)) /\ (!GPL \/ SPL)) /\ (!Base \/ GPL)) /\ (!Benchmark \/ GPL)) /\ (!Prog \/ GPL)) /\ (!GPL \/ Edges)) /\ (!Edges \/ GPL)) /\ (!Weighted \/ GPL)) /\ (!GPL \/ BaseImpl)) /\ (!BaseImpl \/ GPL)) /\ (!SearchI \/ GPL)) /\ (!GPL \/ Algorithms)) /\ (!Algorithms \/ GPL)) /\ (!_Undirected \/ Undirected)) /\ (!Undirected \/ _Undirected)) /\ (!Number \/ _Algorithms)) /\ (!Connected \/ _Algorithms)) /\ (!Transpose \/ _Algorithms)) /\ (!MSTPrim \/ _Algorithms)) /\ (!MSTKruskal \/ _Algorithms)) /\ (!Shortest \/ _Algorithms)) /\ (!Cycle \/ _Algorithms)) /\ (!StronglyConnected \/ _Algorithms)) /\ (!_SearchBase \/ SearchBase)) /\ (!SearchBase \/ _SearchBase)) /\ (!GN_OnlyNeighbors \/ _NewCompound1)) /\ (!G_NoEdges \/ _NewCompound1)) /\ (!GEN_Edges \/ _NewCompound1)) /\ (!_SearchI \/ SearchAlg)) /\ (!SearchAlg \/ _SearchI)) /\ (!_BFS \/ BFS)) /\ (!BFS \/ _BFS)) /\ (!_Directed \/ Directed)) /\ (!Directed \/ _Directed)) /\ (!_BaseImpl \/ NewCompound1)) /\ (!NewCompound1 \/ _BaseImpl)) /\ (!EdgeObjects \/ _BaseImpl)) /\ (!_DFS \/ DFS)) /\ (!DFS \/ _DFS)) /\ (!Prog \/ Benchmark)) /\ (!GEN_Edges \/ EdgeObjects)) /\ (!DFS \/ SearchBase)) /\ (!BFS \/ SearchBase)) /\ (!Number \/ SearchBase)) /\ (!Connected \/ SearchBase)) /\ (!Connected \/ Undirected)) /\ (!StronglyConnected \/ Directed)) /\ (!StronglyConnected \/ DFS)) /\ (!StronglyConnected \/ Transpose)) /\ (!Cycle \/ DFS)) /\ (!MSTPrim \/ EdgeObjects)) /\ (!MSTPrim \/ Undirected)) /\ (!MSTPrim \/ Weighted)) /\ (!MSTKruskal \/ EdgeObjects)) /\ (!MSTKruskal \/ Undirected)) /\ (!MSTKruskal \/ Weighted)) /\ (!Shortest \/ Directed)) /\ (!Shortest \/ Weighted)) /\ SPL)
9.0	non-reachable app concrete methods	6	@ ((((((((((((((((((((((((((((((((((((((((((((((((((((((((((((((((((((((((((((((!Algorithms \/ _Algorithms) /\ (!_Algorithms \/ Algorithms)) /\ (!NewCompound1 \/ _NewCompound1)) /\ (!_NewCompound1 \/ NewCompound1)) /\ (!BaseImpl \/ _BaseImpl)) /\ (!_BaseImpl \/ BaseImpl)) /\ (((!SearchAlg \/ _SearchBase) \/ _BFS) \/ _DFS)) /\ (!_SearchBase \/ SearchAlg)) /\ (!_BFS \/ SearchAlg)) /\ (!_DFS \/ SearchAlg)) /\ (!_SearchBase \/ !_BFS)) /\ (!_SearchBase \/ !_DFS)) /\ (!_BFS \/ !_DFS)) /\ (!SearchI \/ _SearchI)) /\ (!_SearchI \/ SearchI)) /\ ((!Edges \/ _Undirected) \/ _Directed)) /\ (!_Undirected \/ Edges)) /\ (!_Directed \/ Edges)) /\ (!_Undirected \/ !_Directed)) /\ (!SPL \/ GPL)) /\ (!GPL \/ SPL)) /\ (!Base \/ GPL)) /\ (!Benchmark \/ GPL)) /\ (!Prog \/ GPL)) /\ (!GPL \/ Edges)) /\ (!Edges \/ GPL)) /\ (!Weighted \/ GPL)) /\ (!GPL \/ BaseImpl)) /\ (!BaseImpl \/ GPL)) /\ (!SearchI \/ GPL)) /\ (!GPL \/ Algorithms)) /\ (!Algorithms \/ GPL)) /\ (!_Undirected \/ Undirected)) /\ (!Undirected \/ _Undirected)) /\ (!Number \/ _Algorithms)) /\ (!Connected \/ _Algorithms)) /\ (!Transpose \/ _Algorithms)) /\ (!MSTPrim \/ _Algorithms)) /\ (!MSTKruskal \/ _Algorithms)) /\ (!Shortest \/ _Algorithms)) /\ (!Cycle \/ _Algorithms)) /\ (!StronglyConnected \/ _Algorithms)) /\ (!_SearchBase \/ SearchBase)) /\ (!SearchBase \/ _SearchBase)) /\ (!GN_OnlyNeighbors \/ _NewCompound1)) /\ (!G_NoEdges \/ _NewCompound1)) /\ (!GEN_Edges \/ _NewCompound1)) /\ (!_SearchI \/ SearchAlg)) /\ (!SearchAlg \/ _SearchI)) /\ (!_BFS \/ BFS)) /\ (!BFS \/ _BFS)) /\ (!_Directed \/ Directed)) /\ (!Directed \/ _Directed)) /\ (!_BaseImpl \/ NewCompound1)) /\ (!NewCompound1 \/ _BaseImpl)) /\ (!EdgeObjects \/ _BaseImpl)) /\ (!_DFS \/ DFS)) /\ (!DFS \/ _DFS)) /\ (!Prog \/ Benchmark)) /\ (!GEN_Edges \/ EdgeObjects)) /\ (!DFS \/ SearchBase)) /\ (!BFS \/ SearchBase)) /\ (!Number \/ SearchBase)) /\ (!Connected \/ SearchBase)) /\ (!Connected \/ Undirected)) /\ (!StronglyConnected \/ Directed)) /\ (!StronglyConnected \/ DFS)) /\ (!StronglyConnected \/ Transpose)) /\ (!Cycle \/ DFS)) /\ (!MSTPrim \/ EdgeObjects)) /\ (!MSTPrim \/ Undirected)) /\ (!MSTPrim \/ Weighted)) /\ (!MSTKruskal \/ EdgeObjects)) /\ (!MSTKruskal \/ Undirected)) /\ (!MSTKruskal \/ Weighted)) /\ (!Shortest \/ Directed)) /\ (!Shortest \/ Weighted)) /\ SPL)
11.0	reachable methods (INS)	138	@ ((((((((((((((((((((((((((((((((((((((((((((((((((((((((((((((((((((((((((((((!Algorithms \/ _Algorithms) /\ (!_Algorithms \/ Algorithms)) /\ (!NewCompound1 \/ _NewCompound1)) /\ (!_NewCompound1 \/ NewCompound1)) /\ (!BaseImpl \/ _BaseImpl)) /\ (!_BaseImpl \/ BaseImpl)) /\ (((!SearchAlg \/ _SearchBase) \/ _BFS) \/ _DFS)) /\ (!_SearchBase \/ SearchAlg)) /\ (!_BFS \/ SearchAlg)) /\ (!_DFS \/ SearchAlg)) /\ (!_SearchBase \/ !_BFS)) /\ (!_SearchBase \/ !_DFS)) /\ (!_BFS \/ !_DFS)) /\ (!SearchI \/ _SearchI)) /\ (!_SearchI \/ SearchI)) /\ ((!Edges \/ _Undirected) \/ _Directed)) /\ (!_Undirected \/ Edges)) /\ (!_Directed \/ Edges)) /\ (!_Undirected \/ !_Directed)) /\ (!SPL \/ GPL)) /\ (!GPL \/ SPL)) /\ (!Base \/ GPL)) /\ (!Benchmark \/ GPL)) /\ (!Prog \/ GPL)) /\ (!GPL \/ Edges)) /\ (!Edges \/ GPL)) /\ (!Weighted \/ GPL)) /\ (!GPL \/ BaseImpl)) /\ (!BaseImpl \/ GPL)) /\ (!SearchI \/ GPL)) /\ (!GPL \/ Algorithms)) /\ (!Algorithms \/ GPL)) /\ (!_Undirected \/ Undirected)) /\ (!Undirected \/ _Undirected)) /\ (!Number \/ _Algorithms)) /\ (!Connected \/ _Algorithms)) /\ (!Transpose \/ _Algorithms)) /\ (!MSTPrim \/ _Algorithms)) /\ (!MSTKruskal \/ _Algorithms)) /\ (!Shortest \/ _Algorithms)) /\ (!Cycle \/ _Algorithms)) /\ (!StronglyConnected \/ _Algorithms)) /\ (!_SearchBase \/ SearchBase)) /\ (!SearchBase \/ _SearchBase)) /\ (!GN_OnlyNeighbors \/ _NewCompound1)) /\ (!G_NoEdges \/ _NewCompound1)) /\ (!GEN_Edges \/ _NewCompound1)) /\ (!_SearchI \/ SearchAlg)) /\ (!SearchAlg \/ _SearchI)) /\ (!_BFS \/ BFS)) /\ (!BFS \/ _BFS)) /\ (!_Directed \/ Directed)) /\ (!Directed \/ _Directed)) /\ (!_BaseImpl \/ NewCompound1)) /\ (!NewCompound1 \/ _BaseImpl)) /\ (!EdgeObjects \/ _BaseImpl)) /\ (!_DFS \/ DFS)) /\ (!DFS \/ _DFS)) /\ (!Prog \/ Benchmark)) /\ (!GEN_Edges \/ EdgeObjects)) /\ (!DFS \/ SearchBase)) /\ (!BFS \/ SearchBase)) /\ (!Number \/ SearchBase)) /\ (!Connected \/ SearchBase)) /\ (!Connected \/ Undirected)) /\ (!StronglyConnected \/ Directed)) /\ (!StronglyConnected \/ DFS)) /\ (!StronglyConnected \/ Transpose)) /\ (!Cycle \/ DFS)) /\ (!MSTPrim \/ EdgeObjects)) /\ (!MSTPrim \/ Undirected)) /\ (!MSTPrim \/ Weighted)) /\ (!MSTKruskal \/ EdgeObjects)) /\ (!MSTKruskal \/ Undirected)) /\ (!MSTKruskal \/ Weighted)) /\ (!Shortest \/ Directed)) /\ (!Shortest \/ Weighted)) /\ SPL)
11.5	reachable methods (SENS)	138	@ ((((((((((((((((((((((((((((((((((((((((((((((((((((((((((((((((((((((((((((((!Algorithms \/ _Algorithms) /\ (!_Algorithms \/ Algorithms)) /\ (!NewCompound1 \/ _NewCompound1)) /\ (!_NewCompound1 \/ NewCompound1)) /\ (!BaseImpl \/ _BaseImpl)) /\ (!_BaseImpl \/ BaseImpl)) /\ (((!SearchAlg \/ _SearchBase) \/ _BFS) \/ _DFS)) /\ (!_SearchBase \/ SearchAlg)) /\ (!_BFS \/ SearchAlg)) /\ (!_DFS \/ SearchAlg)) /\ (!_SearchBase \/ !_BFS)) /\ (!_SearchBase \/ !_DFS)) /\ (!_BFS \/ !_DFS)) /\ (!SearchI \/ _SearchI)) /\ (!_SearchI \/ SearchI)) /\ ((!Edges \/ _Undirected) \/ _Directed)) /\ (!_Undirected \/ Edges)) /\ (!_Directed \/ Edges)) /\ (!_Undirected \/ !_Directed)) /\ (!SPL \/ GPL)) /\ (!GPL \/ SPL)) /\ (!Base \/ GPL)) /\ (!Benchmark \/ GPL)) /\ (!Prog \/ GPL)) /\ (!GPL \/ Edges)) /\ (!Edges \/ GPL)) /\ (!Weighted \/ GPL)) /\ (!GPL \/ BaseImpl)) /\ (!BaseImpl \/ GPL)) /\ (!SearchI \/ GPL)) /\ (!GPL \/ Algorithms)) /\ (!Algorithms \/ GPL)) /\ (!_Undirected \/ Undirected)) /\ (!Undirected \/ _Undirected)) /\ (!Number \/ _Algorithms)) /\ (!Connected \/ _Algorithms)) /\ (!Transpose \/ _Algorithms)) /\ (!MSTPrim \/ _Algorithms)) /\ (!MSTKruskal \/ _Algorithms)) /\ (!Shortest \/ _Algorithms)) /\ (!Cycle \/ _Algorithms)) /\ (!StronglyConnected \/ _Algorithms)) /\ (!_SearchBase \/ SearchBase)) /\ (!SearchBase \/ _SearchBase)) /\ (!GN_OnlyNeighbors \/ _NewCompound1)) /\ (!G_NoEdges \/ _NewCompound1)) /\ (!GEN_Edges \/ _NewCompound1)) /\ (!_SearchI \/ SearchAlg)) /\ (!SearchAlg \/ _SearchI)) /\ (!_BFS \/ BFS)) /\ (!BFS \/ _BFS)) /\ (!_Directed \/ Directed)) /\ (!Directed \/ _Directed)) /\ (!_BaseImpl \/ NewCompound1)) /\ (!NewCompound1 \/ _BaseImpl)) /\ (!EdgeObjects \/ _BaseImpl)) /\ (!_DFS \/ DFS)) /\ (!DFS \/ _DFS)) /\ (!Prog \/ Benchmark)) /\ (!GEN_Edges \/ EdgeObjects)) /\ (!DFS \/ SearchBase)) /\ (!BFS \/ SearchBase)) /\ (!Number \/ SearchBase)) /\ (!Connected \/ SearchBase)) /\ (!Connected \/ Undirected)) /\ (!StronglyConnected \/ Directed)) /\ (!StronglyConnected \/ DFS)) /\ (!StronglyConnected \/ Transpose)) /\ (!Cycle \/ DFS)) /\ (!MSTPrim \/ EdgeObjects)) /\ (!MSTPrim \/ Undirected)) /\ (!MSTPrim \/ Weighted)) /\ (!MSTKruskal \/ EdgeObjects)) /\ (!MSTKruskal \/ Undirected)) /\ (!MSTKruskal \/ Weighted)) /\ (!Shortest \/ Directed)) /\ (!Shortest \/ Weighted)) /\ SPL)
12.0	virtual call sites (statically)	208	@ ((((((((((((((((((((((((((((((((((((((((((((((((((((((((((((((((((((((((((((((!Algorithms \/ _Algorithms) /\ (!_Algorithms \/ Algorithms)) /\ (!NewCompound1 \/ _NewCompound1)) /\ (!_NewCompound1 \/ NewCompound1)) /\ (!BaseImpl \/ _BaseImpl)) /\ (!_BaseImpl \/ BaseImpl)) /\ (((!SearchAlg \/ _SearchBase) \/ _BFS) \/ _DFS)) /\ (!_SearchBase \/ SearchAlg)) /\ (!_BFS \/ SearchAlg)) /\ (!_DFS \/ SearchAlg)) /\ (!_SearchBase \/ !_BFS)) /\ (!_SearchBase \/ !_DFS)) /\ (!_BFS \/ !_DFS)) /\ (!SearchI \/ _SearchI)) /\ (!_SearchI \/ SearchI)) /\ ((!Edges \/ _Undirected) \/ _Directed)) /\ (!_Undirected \/ Edges)) /\ (!_Directed \/ Edges)) /\ (!_Undirected \/ !_Directed)) /\ (!SPL \/ GPL)) /\ (!GPL \/ SPL)) /\ (!Base \/ GPL)) /\ (!Benchmark \/ GPL)) /\ (!Prog \/ GPL)) /\ (!GPL \/ Edges)) /\ (!Edges \/ GPL)) /\ (!Weighted \/ GPL)) /\ (!GPL \/ BaseImpl)) /\ (!BaseImpl \/ GPL)) /\ (!SearchI \/ GPL)) /\ (!GPL \/ Algorithms)) /\ (!Algorithms \/ GPL)) /\ (!_Undirected \/ Undirected)) /\ (!Undirected \/ _Undirected)) /\ (!Number \/ _Algorithms)) /\ (!Connected \/ _Algorithms)) /\ (!Transpose \/ _Algorithms)) /\ (!MSTPrim \/ _Algorithms)) /\ (!MSTKruskal \/ _Algorithms)) /\ (!Shortest \/ _Algorithms)) /\ (!Cycle \/ _Algorithms)) /\ (!StronglyConnected \/ _Algorithms)) /\ (!_SearchBase \/ SearchBase)) /\ (!SearchBase \/ _SearchBase)) /\ (!GN_OnlyNeighbors \/ _NewCompound1)) /\ (!G_NoEdges \/ _NewCompound1)) /\ (!GEN_Edges \/ _NewCompound1)) /\ (!_SearchI \/ SearchAlg)) /\ (!SearchAlg \/ _SearchI)) /\ (!_BFS \/ BFS)) /\ (!BFS \/ _BFS)) /\ (!_Directed \/ Directed)) /\ (!Directed \/ _Directed)) /\ (!_BaseImpl \/ NewCompound1)) /\ (!NewCompound1 \/ _BaseImpl)) /\ (!EdgeObjects \/ _BaseImpl)) /\ (!_DFS \/ DFS)) /\ (!DFS \/ _DFS)) /\ (!Prog \/ Benchmark)) /\ (!GEN_Edges \/ EdgeObjects)) /\ (!DFS \/ SearchBase)) /\ (!BFS \/ SearchBase)) /\ (!Number \/ SearchBase)) /\ (!Connected \/ SearchBase)) /\ (!Connected \/ Undirected)) /\ (!StronglyConnected \/ Directed)) /\ (!StronglyConnected \/ DFS)) /\ (!StronglyConnected \/ Transpose)) /\ (!Cycle \/ DFS)) /\ (!MSTPrim \/ EdgeObjects)) /\ (!MSTPrim \/ Undirected)) /\ (!MSTPrim \/ Weighted)) /\ (!MSTKruskal \/ EdgeObjects)) /\ (!MSTKruskal \/ Undirected)) /\ (!MSTKruskal \/ Weighted)) /\ (!Shortest \/ Directed)) /\ (!Shortest \/ Weighted)) /\ SPL)
13.0	reachable virtual call sites	208	@ ((((((((((((((((((((((((((((((((((((((((((((((((((((((((((((((((((((((((((((((!Algorithms \/ _Algorithms) /\ (!_Algorithms \/ Algorithms)) /\ (!NewCompound1 \/ _NewCompound1)) /\ (!_NewCompound1 \/ NewCompound1)) /\ (!BaseImpl \/ _BaseImpl)) /\ (!_BaseImpl \/ BaseImpl)) /\ (((!SearchAlg \/ _SearchBase) \/ _BFS) \/ _DFS)) /\ (!_SearchBase \/ SearchAlg)) /\ (!_BFS \/ SearchAlg)) /\ (!_DFS \/ SearchAlg)) /\ (!_SearchBase \/ !_BFS)) /\ (!_SearchBase \/ !_DFS)) /\ (!_BFS \/ !_DFS)) /\ (!SearchI \/ _SearchI)) /\ (!_SearchI \/ SearchI)) /\ ((!Edges \/ _Undirected) \/ _Directed)) /\ (!_Undirected \/ Edges)) /\ (!_Directed \/ Edges)) /\ (!_Undirected \/ !_Directed)) /\ (!SPL \/ GPL)) /\ (!GPL \/ SPL)) /\ (!Base \/ GPL)) /\ (!Benchmark \/ GPL)) /\ (!Prog \/ GPL)) /\ (!GPL \/ Edges)) /\ (!Edges \/ GPL)) /\ (!Weighted \/ GPL)) /\ (!GPL \/ BaseImpl)) /\ (!BaseImpl \/ GPL)) /\ (!SearchI \/ GPL)) /\ (!GPL \/ Algorithms)) /\ (!Algorithms \/ GPL)) /\ (!_Undirected \/ Undirected)) /\ (!Undirected \/ _Undirected)) /\ (!Number \/ _Algorithms)) /\ (!Connected \/ _Algorithms)) /\ (!Transpose \/ _Algorithms)) /\ (!MSTPrim \/ _Algorithms)) /\ (!MSTKruskal \/ _Algorithms)) /\ (!Shortest \/ _Algorithms)) /\ (!Cycle \/ _Algorithms)) /\ (!StronglyConnected \/ _Algorithms)) /\ (!_SearchBase \/ SearchBase)) /\ (!SearchBase \/ _SearchBase)) /\ (!GN_OnlyNeighbors \/ _NewCompound1)) /\ (!G_NoEdges \/ _NewCompound1)) /\ (!GEN_Edges \/ _NewCompound1)) /\ (!_SearchI \/ SearchAlg)) /\ (!SearchAlg \/ _SearchI)) /\ (!_BFS \/ BFS)) /\ (!BFS \/ _BFS)) /\ (!_Directed \/ Directed)) /\ (!Directed \/ _Directed)) /\ (!_BaseImpl \/ NewCompound1)) /\ (!NewCompound1 \/ _BaseImpl)) /\ (!EdgeObjects \/ _BaseImpl)) /\ (!_DFS \/ DFS)) /\ (!DFS \/ _DFS)) /\ (!Prog \/ Benchmark)) /\ (!GEN_Edges \/ EdgeObjects)) /\ (!DFS \/ SearchBase)) /\ (!BFS \/ SearchBase)) /\ (!Number \/ SearchBase)) /\ (!Connected \/ SearchBase)) /\ (!Connected \/ Undirected)) /\ (!StronglyConnected \/ Directed)) /\ (!StronglyConnected \/ DFS)) /\ (!StronglyConnected \/ Transpose)) /\ (!Cycle \/ DFS)) /\ (!MSTPrim \/ EdgeObjects)) /\ (!MSTPrim \/ Undirected)) /\ (!MSTPrim \/ Weighted)) /\ (!MSTKruskal \/ EdgeObjects)) /\ (!MSTKruskal \/ Undirected)) /\ (!MSTKruskal \/ Weighted)) /\ (!Shortest \/ Directed)) /\ (!Shortest \/ Weighted)) /\ SPL)
14.0	polymorphic virtual call sites	1	@ ((((((((((((((((((((((((((((((((((((((((((((((((((((((((((((((((((((((((((((((!Algorithms \/ _Algorithms) /\ (!_Algorithms \/ Algorithms)) /\ (!NewCompound1 \/ _NewCompound1)) /\ (!_NewCompound1 \/ NewCompound1)) /\ (!BaseImpl \/ _BaseImpl)) /\ (!_BaseImpl \/ BaseImpl)) /\ (((!SearchAlg \/ _SearchBase) \/ _BFS) \/ _DFS)) /\ (!_SearchBase \/ SearchAlg)) /\ (!_BFS \/ SearchAlg)) /\ (!_DFS \/ SearchAlg)) /\ (!_SearchBase \/ !_BFS)) /\ (!_SearchBase \/ !_DFS)) /\ (!_BFS \/ !_DFS)) /\ (!SearchI \/ _SearchI)) /\ (!_SearchI \/ SearchI)) /\ ((!Edges \/ _Undirected) \/ _Directed)) /\ (!_Undirected \/ Edges)) /\ (!_Directed \/ Edges)) /\ (!_Undirected \/ !_Directed)) /\ (!SPL \/ GPL)) /\ (!GPL \/ SPL)) /\ (!Base \/ GPL)) /\ (!Benchmark \/ GPL)) /\ (!Prog \/ GPL)) /\ (!GPL \/ Edges)) /\ (!Edges \/ GPL)) /\ (!Weighted \/ GPL)) /\ (!GPL \/ BaseImpl)) /\ (!BaseImpl \/ GPL)) /\ (!SearchI \/ GPL)) /\ (!GPL \/ Algorithms)) /\ (!Algorithms \/ GPL)) /\ (!_Undirected \/ Undirected)) /\ (!Undirected \/ _Undirected)) /\ (!Number \/ _Algorithms)) /\ (!Connected \/ _Algorithms)) /\ (!Transpose \/ _Algorithms)) /\ (!MSTPrim \/ _Algorithms)) /\ (!MSTKruskal \/ _Algorithms)) /\ (!Shortest \/ _Algorithms)) /\ (!Cycle \/ _Algorithms)) /\ (!StronglyConnected \/ _Algorithms)) /\ (!_SearchBase \/ SearchBase)) /\ (!SearchBase \/ _SearchBase)) /\ (!GN_OnlyNeighbors \/ _NewCompound1)) /\ (!G_NoEdges \/ _NewCompound1)) /\ (!GEN_Edges \/ _NewCompound1)) /\ (!_SearchI \/ SearchAlg)) /\ (!SearchAlg \/ _SearchI)) /\ (!_BFS \/ BFS)) /\ (!BFS \/ _BFS)) /\ (!_Directed \/ Directed)) /\ (!Directed \/ _Directed)) /\ (!_BaseImpl \/ NewCompound1)) /\ (!NewCompound1 \/ _BaseImpl)) /\ (!EdgeObjects \/ _BaseImpl)) /\ (!_DFS \/ DFS)) /\ (!DFS \/ _DFS)) /\ (!Prog \/ Benchmark)) /\ (!GEN_Edges \/ EdgeObjects)) /\ (!DFS \/ SearchBase)) /\ (!BFS \/ SearchBase)) /\ (!Number \/ SearchBase)) /\ (!Connected \/ SearchBase)) /\ (!Connected \/ Undirected)) /\ (!StronglyConnected \/ Directed)) /\ (!StronglyConnected \/ DFS)) /\ (!StronglyConnected \/ Transpose)) /\ (!Cycle \/ DFS)) /\ (!MSTPrim \/ EdgeObjects)) /\ (!MSTPrim \/ Undirected)) /\ (!MSTPrim \/ Weighted)) /\ (!MSTKruskal \/ EdgeObjects)) /\ (!MSTKruskal \/ Undirected)) /\ (!MSTKruskal \/ Weighted)) /\ (!Shortest \/ Directed)) /\ (!Shortest \/ Weighted)) /\ SPL)
15.0	null virtual call sites	13	@ ((((((((((((((((((((((((((((((((((((((((((((((((((((((((((((((((((((((((((((((!Algorithms \/ _Algorithms) /\ (!_Algorithms \/ Algorithms)) /\ (!NewCompound1 \/ _NewCompound1)) /\ (!_NewCompound1 \/ NewCompound1)) /\ (!BaseImpl \/ _BaseImpl)) /\ (!_BaseImpl \/ BaseImpl)) /\ (((!SearchAlg \/ _SearchBase) \/ _BFS) \/ _DFS)) /\ (!_SearchBase \/ SearchAlg)) /\ (!_BFS \/ SearchAlg)) /\ (!_DFS \/ SearchAlg)) /\ (!_SearchBase \/ !_BFS)) /\ (!_SearchBase \/ !_DFS)) /\ (!_BFS \/ !_DFS)) /\ (!SearchI \/ _SearchI)) /\ (!_SearchI \/ SearchI)) /\ ((!Edges \/ _Undirected) \/ _Directed)) /\ (!_Undirected \/ Edges)) /\ (!_Directed \/ Edges)) /\ (!_Undirected \/ !_Directed)) /\ (!SPL \/ GPL)) /\ (!GPL \/ SPL)) /\ (!Base \/ GPL)) /\ (!Benchmark \/ GPL)) /\ (!Prog \/ GPL)) /\ (!GPL \/ Edges)) /\ (!Edges \/ GPL)) /\ (!Weighted \/ GPL)) /\ (!GPL \/ BaseImpl)) /\ (!BaseImpl \/ GPL)) /\ (!SearchI \/ GPL)) /\ (!GPL \/ Algorithms)) /\ (!Algorithms \/ GPL)) /\ (!_Undirected \/ Undirected)) /\ (!Undirected \/ _Undirected)) /\ (!Number \/ _Algorithms)) /\ (!Connected \/ _Algorithms)) /\ (!Transpose \/ _Algorithms)) /\ (!MSTPrim \/ _Algorithms)) /\ (!MSTKruskal \/ _Algorithms)) /\ (!Shortest \/ _Algorithms)) /\ (!Cycle \/ _Algorithms)) /\ (!StronglyConnected \/ _Algorithms)) /\ (!_SearchBase \/ SearchBase)) /\ (!SearchBase \/ _SearchBase)) /\ (!GN_OnlyNeighbors \/ _NewCompound1)) /\ (!G_NoEdges \/ _NewCompound1)) /\ (!GEN_Edges \/ _NewCompound1)) /\ (!_SearchI \/ SearchAlg)) /\ (!SearchAlg \/ _SearchI)) /\ (!_BFS \/ BFS)) /\ (!BFS \/ _BFS)) /\ (!_Directed \/ Directed)) /\ (!Directed \/ _Directed)) /\ (!_BaseImpl \/ NewCompound1)) /\ (!NewCompound1 \/ _BaseImpl)) /\ (!EdgeObjects \/ _BaseImpl)) /\ (!_DFS \/ DFS)) /\ (!DFS \/ _DFS)) /\ (!Prog \/ Benchmark)) /\ (!GEN_Edges \/ EdgeObjects)) /\ (!DFS \/ SearchBase)) /\ (!BFS \/ SearchBase)) /\ (!Number \/ SearchBase)) /\ (!Connected \/ SearchBase)) /\ (!Connected \/ Undirected)) /\ (!StronglyConnected \/ Directed)) /\ (!StronglyConnected \/ DFS)) /\ (!StronglyConnected \/ Transpose)) /\ (!Cycle \/ DFS)) /\ (!MSTPrim \/ EdgeObjects)) /\ (!MSTPrim \/ Undirected)) /\ (!MSTPrim \/ Weighted)) /\ (!MSTKruskal \/ EdgeObjects)) /\ (!MSTKruskal \/ Undirected)) /\ (!MSTKruskal \/ Weighted)) /\ (!Shortest \/ Directed)) /\ (!Shortest \/ Weighted)) /\ SPL)
15.5	empty virtual call sites	73	@ ((((((((((((((((((((((((((((((((((((((((((((((((((((((((((((((((((((((((((((((!Algorithms \/ _Algorithms) /\ (!_Algorithms \/ Algorithms)) /\ (!NewCompound1 \/ _NewCompound1)) /\ (!_NewCompound1 \/ NewCompound1)) /\ (!BaseImpl \/ _BaseImpl)) /\ (!_BaseImpl \/ BaseImpl)) /\ (((!SearchAlg \/ _SearchBase) \/ _BFS) \/ _DFS)) /\ (!_SearchBase \/ SearchAlg)) /\ (!_BFS \/ SearchAlg)) /\ (!_DFS \/ SearchAlg)) /\ (!_SearchBase \/ !_BFS)) /\ (!_SearchBase \/ !_DFS)) /\ (!_BFS \/ !_DFS)) /\ (!SearchI \/ _SearchI)) /\ (!_SearchI \/ SearchI)) /\ ((!Edges \/ _Undirected) \/ _Directed)) /\ (!_Undirected \/ Edges)) /\ (!_Directed \/ Edges)) /\ (!_Undirected \/ !_Directed)) /\ (!SPL \/ GPL)) /\ (!GPL \/ SPL)) /\ (!Base \/ GPL)) /\ (!Benchmark \/ GPL)) /\ (!Prog \/ GPL)) /\ (!GPL \/ Edges)) /\ (!Edges \/ GPL)) /\ (!Weighted \/ GPL)) /\ (!GPL \/ BaseImpl)) /\ (!BaseImpl \/ GPL)) /\ (!SearchI \/ GPL)) /\ (!GPL \/ Algorithms)) /\ (!Algorithms \/ GPL)) /\ (!_Undirected \/ Undirected)) /\ (!Undirected \/ _Undirected)) /\ (!Number \/ _Algorithms)) /\ (!Connected \/ _Algorithms)) /\ (!Transpose \/ _Algorithms)) /\ (!MSTPrim \/ _Algorithms)) /\ (!MSTKruskal \/ _Algorithms)) /\ (!Shortest \/ _Algorithms)) /\ (!Cycle \/ _Algorithms)) /\ (!StronglyConnected \/ _Algorithms)) /\ (!_SearchBase \/ SearchBase)) /\ (!SearchBase \/ _SearchBase)) /\ (!GN_OnlyNeighbors \/ _NewCompound1)) /\ (!G_NoEdges \/ _NewCompound1)) /\ (!GEN_Edges \/ _NewCompound1)) /\ (!_SearchI \/ SearchAlg)) /\ (!SearchAlg \/ _SearchI)) /\ (!_BFS \/ BFS)) /\ (!BFS \/ _BFS)) /\ (!_Directed \/ Directed)) /\ (!Directed \/ _Directed)) /\ (!_BaseImpl \/ NewCompound1)) /\ (!NewCompound1 \/ _BaseImpl)) /\ (!EdgeObjects \/ _BaseImpl)) /\ (!_DFS \/ DFS)) /\ (!DFS \/ _DFS)) /\ (!Prog \/ Benchmark)) /\ (!GEN_Edges \/ EdgeObjects)) /\ (!DFS \/ SearchBase)) /\ (!BFS \/ SearchBase)) /\ (!Number \/ SearchBase)) /\ (!Connected \/ SearchBase)) /\ (!Connected \/ Undirected)) /\ (!StronglyConnected \/ Directed)) /\ (!StronglyConnected \/ DFS)) /\ (!StronglyConnected \/ Transpose)) /\ (!Cycle \/ DFS)) /\ (!MSTPrim \/ EdgeObjects)) /\ (!MSTPrim \/ Undirected)) /\ (!MSTPrim \/ Weighted)) /\ (!MSTKruskal \/ EdgeObjects)) /\ (!MSTKruskal \/ Undirected)) /\ (!MSTKruskal \/ Weighted)) /\ (!Shortest \/ Directed)) /\ (!Shortest \/ Weighted)) /\ SPL)
16.0	app virtual call sites (statically)	208	@ ((((((((((((((((((((((((((((((((((((((((((((((((((((((((((((((((((((((((((((((!Algorithms \/ _Algorithms) /\ (!_Algorithms \/ Algorithms)) /\ (!NewCompound1 \/ _NewCompound1)) /\ (!_NewCompound1 \/ NewCompound1)) /\ (!BaseImpl \/ _BaseImpl)) /\ (!_BaseImpl \/ BaseImpl)) /\ (((!SearchAlg \/ _SearchBase) \/ _BFS) \/ _DFS)) /\ (!_SearchBase \/ SearchAlg)) /\ (!_BFS \/ SearchAlg)) /\ (!_DFS \/ SearchAlg)) /\ (!_SearchBase \/ !_BFS)) /\ (!_SearchBase \/ !_DFS)) /\ (!_BFS \/ !_DFS)) /\ (!SearchI \/ _SearchI)) /\ (!_SearchI \/ SearchI)) /\ ((!Edges \/ _Undirected) \/ _Directed)) /\ (!_Undirected \/ Edges)) /\ (!_Directed \/ Edges)) /\ (!_Undirected \/ !_Directed)) /\ (!SPL \/ GPL)) /\ (!GPL \/ SPL)) /\ (!Base \/ GPL)) /\ (!Benchmark \/ GPL)) /\ (!Prog \/ GPL)) /\ (!GPL \/ Edges)) /\ (!Edges \/ GPL)) /\ (!Weighted \/ GPL)) /\ (!GPL \/ BaseImpl)) /\ (!BaseImpl \/ GPL)) /\ (!SearchI \/ GPL)) /\ (!GPL \/ Algorithms)) /\ (!Algorithms \/ GPL)) /\ (!_Undirected \/ Undirected)) /\ (!Undirected \/ _Undirected)) /\ (!Number \/ _Algorithms)) /\ (!Connected \/ _Algorithms)) /\ (!Transpose \/ _Algorithms)) /\ (!MSTPrim \/ _Algorithms)) /\ (!MSTKruskal \/ _Algorithms)) /\ (!Shortest \/ _Algorithms)) /\ (!Cycle \/ _Algorithms)) /\ (!StronglyConnected \/ _Algorithms)) /\ (!_SearchBase \/ SearchBase)) /\ (!SearchBase \/ _SearchBase)) /\ (!GN_OnlyNeighbors \/ _NewCompound1)) /\ (!G_NoEdges \/ _NewCompound1)) /\ (!GEN_Edges \/ _NewCompound1)) /\ (!_SearchI \/ SearchAlg)) /\ (!SearchAlg \/ _SearchI)) /\ (!_BFS \/ BFS)) /\ (!BFS \/ _BFS)) /\ (!_Directed \/ Directed)) /\ (!Directed \/ _Directed)) /\ (!_BaseImpl \/ NewCompound1)) /\ (!NewCompound1 \/ _BaseImpl)) /\ (!EdgeObjects \/ _BaseImpl)) /\ (!_DFS \/ DFS)) /\ (!DFS \/ _DFS)) /\ (!Prog \/ Benchmark)) /\ (!GEN_Edges \/ EdgeObjects)) /\ (!DFS \/ SearchBase)) /\ (!BFS \/ SearchBase)) /\ (!Number \/ SearchBase)) /\ (!Connected \/ SearchBase)) /\ (!Connected \/ Undirected)) /\ (!StronglyConnected \/ Directed)) /\ (!StronglyConnected \/ DFS)) /\ (!StronglyConnected \/ Transpose)) /\ (!Cycle \/ DFS)) /\ (!MSTPrim \/ EdgeObjects)) /\ (!MSTPrim \/ Undirected)) /\ (!MSTPrim \/ Weighted)) /\ (!MSTKruskal \/ EdgeObjects)) /\ (!MSTKruskal \/ Undirected)) /\ (!MSTKruskal \/ Weighted)) /\ (!Shortest \/ Directed)) /\ (!Shortest \/ Weighted)) /\ SPL)
17.0	app reachable virtual call sites	208	@ ((((((((((((((((((((((((((((((((((((((((((((((((((((((((((((((((((((((((((((((!Algorithms \/ _Algorithms) /\ (!_Algorithms \/ Algorithms)) /\ (!NewCompound1 \/ _NewCompound1)) /\ (!_NewCompound1 \/ NewCompound1)) /\ (!BaseImpl \/ _BaseImpl)) /\ (!_BaseImpl \/ BaseImpl)) /\ (((!SearchAlg \/ _SearchBase) \/ _BFS) \/ _DFS)) /\ (!_SearchBase \/ SearchAlg)) /\ (!_BFS \/ SearchAlg)) /\ (!_DFS \/ SearchAlg)) /\ (!_SearchBase \/ !_BFS)) /\ (!_SearchBase \/ !_DFS)) /\ (!_BFS \/ !_DFS)) /\ (!SearchI \/ _SearchI)) /\ (!_SearchI \/ SearchI)) /\ ((!Edges \/ _Undirected) \/ _Directed)) /\ (!_Undirected \/ Edges)) /\ (!_Directed \/ Edges)) /\ (!_Undirected \/ !_Directed)) /\ (!SPL \/ GPL)) /\ (!GPL \/ SPL)) /\ (!Base \/ GPL)) /\ (!Benchmark \/ GPL)) /\ (!Prog \/ GPL)) /\ (!GPL \/ Edges)) /\ (!Edges \/ GPL)) /\ (!Weighted \/ GPL)) /\ (!GPL \/ BaseImpl)) /\ (!BaseImpl \/ GPL)) /\ (!SearchI \/ GPL)) /\ (!GPL \/ Algorithms)) /\ (!Algorithms \/ GPL)) /\ (!_Undirected \/ Undirected)) /\ (!Undirected \/ _Undirected)) /\ (!Number \/ _Algorithms)) /\ (!Connected \/ _Algorithms)) /\ (!Transpose \/ _Algorithms)) /\ (!MSTPrim \/ _Algorithms)) /\ (!MSTKruskal \/ _Algorithms)) /\ (!Shortest \/ _Algorithms)) /\ (!Cycle \/ _Algorithms)) /\ (!StronglyConnected \/ _Algorithms)) /\ (!_SearchBase \/ SearchBase)) /\ (!SearchBase \/ _SearchBase)) /\ (!GN_OnlyNeighbors \/ _NewCompound1)) /\ (!G_NoEdges \/ _NewCompound1)) /\ (!GEN_Edges \/ _NewCompound1)) /\ (!_SearchI \/ SearchAlg)) /\ (!SearchAlg \/ _SearchI)) /\ (!_BFS \/ BFS)) /\ (!BFS \/ _BFS)) /\ (!_Directed \/ Directed)) /\ (!Directed \/ _Directed)) /\ (!_BaseImpl \/ NewCompound1)) /\ (!NewCompound1 \/ _BaseImpl)) /\ (!EdgeObjects \/ _BaseImpl)) /\ (!_DFS \/ DFS)) /\ (!DFS \/ _DFS)) /\ (!Prog \/ Benchmark)) /\ (!GEN_Edges \/ EdgeObjects)) /\ (!DFS \/ SearchBase)) /\ (!BFS \/ SearchBase)) /\ (!Number \/ SearchBase)) /\ (!Connected \/ SearchBase)) /\ (!Connected \/ Undirected)) /\ (!StronglyConnected \/ Directed)) /\ (!StronglyConnected \/ DFS)) /\ (!StronglyConnected \/ Transpose)) /\ (!Cycle \/ DFS)) /\ (!MSTPrim \/ EdgeObjects)) /\ (!MSTPrim \/ Undirected)) /\ (!MSTPrim \/ Weighted)) /\ (!MSTKruskal \/ EdgeObjects)) /\ (!MSTKruskal \/ Undirected)) /\ (!MSTKruskal \/ Weighted)) /\ (!Shortest \/ Directed)) /\ (!Shortest \/ Weighted)) /\ SPL)
18.0	app polymorphic virtual call sites	1	@ ((((((((((((((((((((((((((((((((((((((((((((((((((((((((((((((((((((((((((((((!Algorithms \/ _Algorithms) /\ (!_Algorithms \/ Algorithms)) /\ (!NewCompound1 \/ _NewCompound1)) /\ (!_NewCompound1 \/ NewCompound1)) /\ (!BaseImpl \/ _BaseImpl)) /\ (!_BaseImpl \/ BaseImpl)) /\ (((!SearchAlg \/ _SearchBase) \/ _BFS) \/ _DFS)) /\ (!_SearchBase \/ SearchAlg)) /\ (!_BFS \/ SearchAlg)) /\ (!_DFS \/ SearchAlg)) /\ (!_SearchBase \/ !_BFS)) /\ (!_SearchBase \/ !_DFS)) /\ (!_BFS \/ !_DFS)) /\ (!SearchI \/ _SearchI)) /\ (!_SearchI \/ SearchI)) /\ ((!Edges \/ _Undirected) \/ _Directed)) /\ (!_Undirected \/ Edges)) /\ (!_Directed \/ Edges)) /\ (!_Undirected \/ !_Directed)) /\ (!SPL \/ GPL)) /\ (!GPL \/ SPL)) /\ (!Base \/ GPL)) /\ (!Benchmark \/ GPL)) /\ (!Prog \/ GPL)) /\ (!GPL \/ Edges)) /\ (!Edges \/ GPL)) /\ (!Weighted \/ GPL)) /\ (!GPL \/ BaseImpl)) /\ (!BaseImpl \/ GPL)) /\ (!SearchI \/ GPL)) /\ (!GPL \/ Algorithms)) /\ (!Algorithms \/ GPL)) /\ (!_Undirected \/ Undirected)) /\ (!Undirected \/ _Undirected)) /\ (!Number \/ _Algorithms)) /\ (!Connected \/ _Algorithms)) /\ (!Transpose \/ _Algorithms)) /\ (!MSTPrim \/ _Algorithms)) /\ (!MSTKruskal \/ _Algorithms)) /\ (!Shortest \/ _Algorithms)) /\ (!Cycle \/ _Algorithms)) /\ (!StronglyConnected \/ _Algorithms)) /\ (!_SearchBase \/ SearchBase)) /\ (!SearchBase \/ _SearchBase)) /\ (!GN_OnlyNeighbors \/ _NewCompound1)) /\ (!G_NoEdges \/ _NewCompound1)) /\ (!GEN_Edges \/ _NewCompound1)) /\ (!_SearchI \/ SearchAlg)) /\ (!SearchAlg \/ _SearchI)) /\ (!_BFS \/ BFS)) /\ (!BFS \/ _BFS)) /\ (!_Directed \/ Directed)) /\ (!Directed \/ _Directed)) /\ (!_BaseImpl \/ NewCompound1)) /\ (!NewCompound1 \/ _BaseImpl)) /\ (!EdgeObjects \/ _BaseImpl)) /\ (!_DFS \/ DFS)) /\ (!DFS \/ _DFS)) /\ (!Prog \/ Benchmark)) /\ (!GEN_Edges \/ EdgeObjects)) /\ (!DFS \/ SearchBase)) /\ (!BFS \/ SearchBase)) /\ (!Number \/ SearchBase)) /\ (!Connected \/ SearchBase)) /\ (!Connected \/ Undirected)) /\ (!StronglyConnected \/ Directed)) /\ (!StronglyConnected \/ DFS)) /\ (!StronglyConnected \/ Transpose)) /\ (!Cycle \/ DFS)) /\ (!MSTPrim \/ EdgeObjects)) /\ (!MSTPrim \/ Undirected)) /\ (!MSTPrim \/ Weighted)) /\ (!MSTKruskal \/ EdgeObjects)) /\ (!MSTKruskal \/ Undirected)) /\ (!MSTKruskal \/ Weighted)) /\ (!Shortest \/ Directed)) /\ (!Shortest \/ Weighted)) /\ SPL)
19.0	app null virtual call sites	13	@ ((((((((((((((((((((((((((((((((((((((((((((((((((((((((((((((((((((((((((((((!Algorithms \/ _Algorithms) /\ (!_Algorithms \/ Algorithms)) /\ (!NewCompound1 \/ _NewCompound1)) /\ (!_NewCompound1 \/ NewCompound1)) /\ (!BaseImpl \/ _BaseImpl)) /\ (!_BaseImpl \/ BaseImpl)) /\ (((!SearchAlg \/ _SearchBase) \/ _BFS) \/ _DFS)) /\ (!_SearchBase \/ SearchAlg)) /\ (!_BFS \/ SearchAlg)) /\ (!_DFS \/ SearchAlg)) /\ (!_SearchBase \/ !_BFS)) /\ (!_SearchBase \/ !_DFS)) /\ (!_BFS \/ !_DFS)) /\ (!SearchI \/ _SearchI)) /\ (!_SearchI \/ SearchI)) /\ ((!Edges \/ _Undirected) \/ _Directed)) /\ (!_Undirected \/ Edges)) /\ (!_Directed \/ Edges)) /\ (!_Undirected \/ !_Directed)) /\ (!SPL \/ GPL)) /\ (!GPL \/ SPL)) /\ (!Base \/ GPL)) /\ (!Benchmark \/ GPL)) /\ (!Prog \/ GPL)) /\ (!GPL \/ Edges)) /\ (!Edges \/ GPL)) /\ (!Weighted \/ GPL)) /\ (!GPL \/ BaseImpl)) /\ (!BaseImpl \/ GPL)) /\ (!SearchI \/ GPL)) /\ (!GPL \/ Algorithms)) /\ (!Algorithms \/ GPL)) /\ (!_Undirected \/ Undirected)) /\ (!Undirected \/ _Undirected)) /\ (!Number \/ _Algorithms)) /\ (!Connected \/ _Algorithms)) /\ (!Transpose \/ _Algorithms)) /\ (!MSTPrim \/ _Algorithms)) /\ (!MSTKruskal \/ _Algorithms)) /\ (!Shortest \/ _Algorithms)) /\ (!Cycle \/ _Algorithms)) /\ (!StronglyConnected \/ _Algorithms)) /\ (!_SearchBase \/ SearchBase)) /\ (!SearchBase \/ _SearchBase)) /\ (!GN_OnlyNeighbors \/ _NewCompound1)) /\ (!G_NoEdges \/ _NewCompound1)) /\ (!GEN_Edges \/ _NewCompound1)) /\ (!_SearchI \/ SearchAlg)) /\ (!SearchAlg \/ _SearchI)) /\ (!_BFS \/ BFS)) /\ (!BFS \/ _BFS)) /\ (!_Directed \/ Directed)) /\ (!Directed \/ _Directed)) /\ (!_BaseImpl \/ NewCompound1)) /\ (!NewCompound1 \/ _BaseImpl)) /\ (!EdgeObjects \/ _BaseImpl)) /\ (!_DFS \/ DFS)) /\ (!DFS \/ _DFS)) /\ (!Prog \/ Benchmark)) /\ (!GEN_Edges \/ EdgeObjects)) /\ (!DFS \/ SearchBase)) /\ (!BFS \/ SearchBase)) /\ (!Number \/ SearchBase)) /\ (!Connected \/ SearchBase)) /\ (!Connected \/ Undirected)) /\ (!StronglyConnected \/ Directed)) /\ (!StronglyConnected \/ DFS)) /\ (!StronglyConnected \/ Transpose)) /\ (!Cycle \/ DFS)) /\ (!MSTPrim \/ EdgeObjects)) /\ (!MSTPrim \/ Undirected)) /\ (!MSTPrim \/ Weighted)) /\ (!MSTKruskal \/ EdgeObjects)) /\ (!MSTKruskal \/ Undirected)) /\ (!MSTKruskal \/ Weighted)) /\ (!Shortest \/ Directed)) /\ (!Shortest \/ Weighted)) /\ SPL)
19.5	app empty virtual call sites	73	@ ((((((((((((((((((((((((((((((((((((((((((((((((((((((((((((((((((((((((((((((!Algorithms \/ _Algorithms) /\ (!_Algorithms \/ Algorithms)) /\ (!NewCompound1 \/ _NewCompound1)) /\ (!_NewCompound1 \/ NewCompound1)) /\ (!BaseImpl \/ _BaseImpl)) /\ (!_BaseImpl \/ BaseImpl)) /\ (((!SearchAlg \/ _SearchBase) \/ _BFS) \/ _DFS)) /\ (!_SearchBase \/ SearchAlg)) /\ (!_BFS \/ SearchAlg)) /\ (!_DFS \/ SearchAlg)) /\ (!_SearchBase \/ !_BFS)) /\ (!_SearchBase \/ !_DFS)) /\ (!_BFS \/ !_DFS)) /\ (!SearchI \/ _SearchI)) /\ (!_SearchI \/ SearchI)) /\ ((!Edges \/ _Undirected) \/ _Directed)) /\ (!_Undirected \/ Edges)) /\ (!_Directed \/ Edges)) /\ (!_Undirected \/ !_Directed)) /\ (!SPL \/ GPL)) /\ (!GPL \/ SPL)) /\ (!Base \/ GPL)) /\ (!Benchmark \/ GPL)) /\ (!Prog \/ GPL)) /\ (!GPL \/ Edges)) /\ (!Edges \/ GPL)) /\ (!Weighted \/ GPL)) /\ (!GPL \/ BaseImpl)) /\ (!BaseImpl \/ GPL)) /\ (!SearchI \/ GPL)) /\ (!GPL \/ Algorithms)) /\ (!Algorithms \/ GPL)) /\ (!_Undirected \/ Undirected)) /\ (!Undirected \/ _Undirected)) /\ (!Number \/ _Algorithms)) /\ (!Connected \/ _Algorithms)) /\ (!Transpose \/ _Algorithms)) /\ (!MSTPrim \/ _Algorithms)) /\ (!MSTKruskal \/ _Algorithms)) /\ (!Shortest \/ _Algorithms)) /\ (!Cycle \/ _Algorithms)) /\ (!StronglyConnected \/ _Algorithms)) /\ (!_SearchBase \/ SearchBase)) /\ (!SearchBase \/ _SearchBase)) /\ (!GN_OnlyNeighbors \/ _NewCompound1)) /\ (!G_NoEdges \/ _NewCompound1)) /\ (!GEN_Edges \/ _NewCompound1)) /\ (!_SearchI \/ SearchAlg)) /\ (!SearchAlg \/ _SearchI)) /\ (!_BFS \/ BFS)) /\ (!BFS \/ _BFS)) /\ (!_Directed \/ Directed)) /\ (!Directed \/ _Directed)) /\ (!_BaseImpl \/ NewCompound1)) /\ (!NewCompound1 \/ _BaseImpl)) /\ (!EdgeObjects \/ _BaseImpl)) /\ (!_DFS \/ DFS)) /\ (!DFS \/ _DFS)) /\ (!Prog \/ Benchmark)) /\ (!GEN_Edges \/ EdgeObjects)) /\ (!DFS \/ SearchBase)) /\ (!BFS \/ SearchBase)) /\ (!Number \/ SearchBase)) /\ (!Connected \/ SearchBase)) /\ (!Connected \/ Undirected)) /\ (!StronglyConnected \/ Directed)) /\ (!StronglyConnected \/ DFS)) /\ (!StronglyConnected \/ Transpose)) /\ (!Cycle \/ DFS)) /\ (!MSTPrim \/ EdgeObjects)) /\ (!MSTPrim \/ Undirected)) /\ (!MSTPrim \/ Weighted)) /\ (!MSTKruskal \/ EdgeObjects)) /\ (!MSTKruskal \/ Undirected)) /\ (!MSTKruskal \/ Weighted)) /\ (!Shortest \/ Directed)) /\ (!Shortest \/ Weighted)) /\ SPL)
20.0	casts (statically)	27	@ ((((((((((((((((((((((((((((((((((((((((((((((((((((((((((((((((((((((((((((((!Algorithms \/ _Algorithms) /\ (!_Algorithms \/ Algorithms)) /\ (!NewCompound1 \/ _NewCompound1)) /\ (!_NewCompound1 \/ NewCompound1)) /\ (!BaseImpl \/ _BaseImpl)) /\ (!_BaseImpl \/ BaseImpl)) /\ (((!SearchAlg \/ _SearchBase) \/ _BFS) \/ _DFS)) /\ (!_SearchBase \/ SearchAlg)) /\ (!_BFS \/ SearchAlg)) /\ (!_DFS \/ SearchAlg)) /\ (!_SearchBase \/ !_BFS)) /\ (!_SearchBase \/ !_DFS)) /\ (!_BFS \/ !_DFS)) /\ (!SearchI \/ _SearchI)) /\ (!_SearchI \/ SearchI)) /\ ((!Edges \/ _Undirected) \/ _Directed)) /\ (!_Undirected \/ Edges)) /\ (!_Directed \/ Edges)) /\ (!_Undirected \/ !_Directed)) /\ (!SPL \/ GPL)) /\ (!GPL \/ SPL)) /\ (!Base \/ GPL)) /\ (!Benchmark \/ GPL)) /\ (!Prog \/ GPL)) /\ (!GPL \/ Edges)) /\ (!Edges \/ GPL)) /\ (!Weighted \/ GPL)) /\ (!GPL \/ BaseImpl)) /\ (!BaseImpl \/ GPL)) /\ (!SearchI \/ GPL)) /\ (!GPL \/ Algorithms)) /\ (!Algorithms \/ GPL)) /\ (!_Undirected \/ Undirected)) /\ (!Undirected \/ _Undirected)) /\ (!Number \/ _Algorithms)) /\ (!Connected \/ _Algorithms)) /\ (!Transpose \/ _Algorithms)) /\ (!MSTPrim \/ _Algorithms)) /\ (!MSTKruskal \/ _Algorithms)) /\ (!Shortest \/ _Algorithms)) /\ (!Cycle \/ _Algorithms)) /\ (!StronglyConnected \/ _Algorithms)) /\ (!_SearchBase \/ SearchBase)) /\ (!SearchBase \/ _SearchBase)) /\ (!GN_OnlyNeighbors \/ _NewCompound1)) /\ (!G_NoEdges \/ _NewCompound1)) /\ (!GEN_Edges \/ _NewCompound1)) /\ (!_SearchI \/ SearchAlg)) /\ (!SearchAlg \/ _SearchI)) /\ (!_BFS \/ BFS)) /\ (!BFS \/ _BFS)) /\ (!_Directed \/ Directed)) /\ (!Directed \/ _Directed)) /\ (!_BaseImpl \/ NewCompound1)) /\ (!NewCompound1 \/ _BaseImpl)) /\ (!EdgeObjects \/ _BaseImpl)) /\ (!_DFS \/ DFS)) /\ (!DFS \/ _DFS)) /\ (!Prog \/ Benchmark)) /\ (!GEN_Edges \/ EdgeObjects)) /\ (!DFS \/ SearchBase)) /\ (!BFS \/ SearchBase)) /\ (!Number \/ SearchBase)) /\ (!Connected \/ SearchBase)) /\ (!Connected \/ Undirected)) /\ (!StronglyConnected \/ Directed)) /\ (!StronglyConnected \/ DFS)) /\ (!StronglyConnected \/ Transpose)) /\ (!Cycle \/ DFS)) /\ (!MSTPrim \/ EdgeObjects)) /\ (!MSTPrim \/ Undirected)) /\ (!MSTPrim \/ Weighted)) /\ (!MSTKruskal \/ EdgeObjects)) /\ (!MSTKruskal \/ Undirected)) /\ (!MSTKruskal \/ Weighted)) /\ (!Shortest \/ Directed)) /\ (!Shortest \/ Weighted)) /\ SPL)
21.0	reachable casts	6	@ ((((((((((((((((((((((((((((((((((((((((((((((((((((((((((((((((((((((((((((((!Algorithms \/ _Algorithms) /\ (!_Algorithms \/ Algorithms)) /\ (!NewCompound1 \/ _NewCompound1)) /\ (!_NewCompound1 \/ NewCompound1)) /\ (!BaseImpl \/ _BaseImpl)) /\ (!_BaseImpl \/ BaseImpl)) /\ (((!SearchAlg \/ _SearchBase) \/ _BFS) \/ _DFS)) /\ (!_SearchBase \/ SearchAlg)) /\ (!_BFS \/ SearchAlg)) /\ (!_DFS \/ SearchAlg)) /\ (!_SearchBase \/ !_BFS)) /\ (!_SearchBase \/ !_DFS)) /\ (!_BFS \/ !_DFS)) /\ (!SearchI \/ _SearchI)) /\ (!_SearchI \/ SearchI)) /\ ((!Edges \/ _Undirected) \/ _Directed)) /\ (!_Undirected \/ Edges)) /\ (!_Directed \/ Edges)) /\ (!_Undirected \/ !_Directed)) /\ (!SPL \/ GPL)) /\ (!GPL \/ SPL)) /\ (!Base \/ GPL)) /\ (!Benchmark \/ GPL)) /\ (!Prog \/ GPL)) /\ (!GPL \/ Edges)) /\ (!Edges \/ GPL)) /\ (!Weighted \/ GPL)) /\ (!GPL \/ BaseImpl)) /\ (!BaseImpl \/ GPL)) /\ (!SearchI \/ GPL)) /\ (!GPL \/ Algorithms)) /\ (!Algorithms \/ GPL)) /\ (!_Undirected \/ Undirected)) /\ (!Undirected \/ _Undirected)) /\ (!Number \/ _Algorithms)) /\ (!Connected \/ _Algorithms)) /\ (!Transpose \/ _Algorithms)) /\ (!MSTPrim \/ _Algorithms)) /\ (!MSTKruskal \/ _Algorithms)) /\ (!Shortest \/ _Algorithms)) /\ (!Cycle \/ _Algorithms)) /\ (!StronglyConnected \/ _Algorithms)) /\ (!_SearchBase \/ SearchBase)) /\ (!SearchBase \/ _SearchBase)) /\ (!GN_OnlyNeighbors \/ _NewCompound1)) /\ (!G_NoEdges \/ _NewCompound1)) /\ (!GEN_Edges \/ _NewCompound1)) /\ (!_SearchI \/ SearchAlg)) /\ (!SearchAlg \/ _SearchI)) /\ (!_BFS \/ BFS)) /\ (!BFS \/ _BFS)) /\ (!_Directed \/ Directed)) /\ (!Directed \/ _Directed)) /\ (!_BaseImpl \/ NewCompound1)) /\ (!NewCompound1 \/ _BaseImpl)) /\ (!EdgeObjects \/ _BaseImpl)) /\ (!_DFS \/ DFS)) /\ (!DFS \/ _DFS)) /\ (!Prog \/ Benchmark)) /\ (!GEN_Edges \/ EdgeObjects)) /\ (!DFS \/ SearchBase)) /\ (!BFS \/ SearchBase)) /\ (!Number \/ SearchBase)) /\ (!Connected \/ SearchBase)) /\ (!Connected \/ Undirected)) /\ (!StronglyConnected \/ Directed)) /\ (!StronglyConnected \/ DFS)) /\ (!StronglyConnected \/ Transpose)) /\ (!Cycle \/ DFS)) /\ (!MSTPrim \/ EdgeObjects)) /\ (!MSTPrim \/ Undirected)) /\ (!MSTPrim \/ Weighted)) /\ (!MSTKruskal \/ EdgeObjects)) /\ (!MSTKruskal \/ Undirected)) /\ (!MSTKruskal \/ Weighted)) /\ (!Shortest \/ Directed)) /\ (!Shortest \/ Weighted)) /\ SPL)
22.0	reachable casts that may fail	6	@ ((((((((((((((((((((((((((((((((((((((((((((((((((((((((((((((((((((((((((((((!Algorithms \/ _Algorithms) /\ (!_Algorithms \/ Algorithms)) /\ (!NewCompound1 \/ _NewCompound1)) /\ (!_NewCompound1 \/ NewCompound1)) /\ (!BaseImpl \/ _BaseImpl)) /\ (!_BaseImpl \/ BaseImpl)) /\ (((!SearchAlg \/ _SearchBase) \/ _BFS) \/ _DFS)) /\ (!_SearchBase \/ SearchAlg)) /\ (!_BFS \/ SearchAlg)) /\ (!_DFS \/ SearchAlg)) /\ (!_SearchBase \/ !_BFS)) /\ (!_SearchBase \/ !_DFS)) /\ (!_BFS \/ !_DFS)) /\ (!SearchI \/ _SearchI)) /\ (!_SearchI \/ SearchI)) /\ ((!Edges \/ _Undirected) \/ _Directed)) /\ (!_Undirected \/ Edges)) /\ (!_Directed \/ Edges)) /\ (!_Undirected \/ !_Directed)) /\ (!SPL \/ GPL)) /\ (!GPL \/ SPL)) /\ (!Base \/ GPL)) /\ (!Benchmark \/ GPL)) /\ (!Prog \/ GPL)) /\ (!GPL \/ Edges)) /\ (!Edges \/ GPL)) /\ (!Weighted \/ GPL)) /\ (!GPL \/ BaseImpl)) /\ (!BaseImpl \/ GPL)) /\ (!SearchI \/ GPL)) /\ (!GPL \/ Algorithms)) /\ (!Algorithms \/ GPL)) /\ (!_Undirected \/ Undirected)) /\ (!Undirected \/ _Undirected)) /\ (!Number \/ _Algorithms)) /\ (!Connected \/ _Algorithms)) /\ (!Transpose \/ _Algorithms)) /\ (!MSTPrim \/ _Algorithms)) /\ (!MSTKruskal \/ _Algorithms)) /\ (!Shortest \/ _Algorithms)) /\ (!Cycle \/ _Algorithms)) /\ (!StronglyConnected \/ _Algorithms)) /\ (!_SearchBase \/ SearchBase)) /\ (!SearchBase \/ _SearchBase)) /\ (!GN_OnlyNeighbors \/ _NewCompound1)) /\ (!G_NoEdges \/ _NewCompound1)) /\ (!GEN_Edges \/ _NewCompound1)) /\ (!_SearchI \/ SearchAlg)) /\ (!SearchAlg \/ _SearchI)) /\ (!_BFS \/ BFS)) /\ (!BFS \/ _BFS)) /\ (!_Directed \/ Directed)) /\ (!Directed \/ _Directed)) /\ (!_BaseImpl \/ NewCompound1)) /\ (!NewCompound1 \/ _BaseImpl)) /\ (!EdgeObjects \/ _BaseImpl)) /\ (!_DFS \/ DFS)) /\ (!DFS \/ _DFS)) /\ (!Prog \/ Benchmark)) /\ (!GEN_Edges \/ EdgeObjects)) /\ (!DFS \/ SearchBase)) /\ (!BFS \/ SearchBase)) /\ (!Number \/ SearchBase)) /\ (!Connected \/ SearchBase)) /\ (!Connected \/ Undirected)) /\ (!StronglyConnected \/ Directed)) /\ (!StronglyConnected \/ DFS)) /\ (!StronglyConnected \/ Transpose)) /\ (!Cycle \/ DFS)) /\ (!MSTPrim \/ EdgeObjects)) /\ (!MSTPrim \/ Undirected)) /\ (!MSTPrim \/ Weighted)) /\ (!MSTKruskal \/ EdgeObjects)) /\ (!MSTKruskal \/ Undirected)) /\ (!MSTKruskal \/ Weighted)) /\ (!Shortest \/ Directed)) /\ (!Shortest \/ Weighted)) /\ SPL)
23.0	app casts (statically)	27	@ ((((((((((((((((((((((((((((((((((((((((((((((((((((((((((((((((((((((((((((((!Algorithms \/ _Algorithms) /\ (!_Algorithms \/ Algorithms)) /\ (!NewCompound1 \/ _NewCompound1)) /\ (!_NewCompound1 \/ NewCompound1)) /\ (!BaseImpl \/ _BaseImpl)) /\ (!_BaseImpl \/ BaseImpl)) /\ (((!SearchAlg \/ _SearchBase) \/ _BFS) \/ _DFS)) /\ (!_SearchBase \/ SearchAlg)) /\ (!_BFS \/ SearchAlg)) /\ (!_DFS \/ SearchAlg)) /\ (!_SearchBase \/ !_BFS)) /\ (!_SearchBase \/ !_DFS)) /\ (!_BFS \/ !_DFS)) /\ (!SearchI \/ _SearchI)) /\ (!_SearchI \/ SearchI)) /\ ((!Edges \/ _Undirected) \/ _Directed)) /\ (!_Undirected \/ Edges)) /\ (!_Directed \/ Edges)) /\ (!_Undirected \/ !_Directed)) /\ (!SPL \/ GPL)) /\ (!GPL \/ SPL)) /\ (!Base \/ GPL)) /\ (!Benchmark \/ GPL)) /\ (!Prog \/ GPL)) /\ (!GPL \/ Edges)) /\ (!Edges \/ GPL)) /\ (!Weighted \/ GPL)) /\ (!GPL \/ BaseImpl)) /\ (!BaseImpl \/ GPL)) /\ (!SearchI \/ GPL)) /\ (!GPL \/ Algorithms)) /\ (!Algorithms \/ GPL)) /\ (!_Undirected \/ Undirected)) /\ (!Undirected \/ _Undirected)) /\ (!Number \/ _Algorithms)) /\ (!Connected \/ _Algorithms)) /\ (!Transpose \/ _Algorithms)) /\ (!MSTPrim \/ _Algorithms)) /\ (!MSTKruskal \/ _Algorithms)) /\ (!Shortest \/ _Algorithms)) /\ (!Cycle \/ _Algorithms)) /\ (!StronglyConnected \/ _Algorithms)) /\ (!_SearchBase \/ SearchBase)) /\ (!SearchBase \/ _SearchBase)) /\ (!GN_OnlyNeighbors \/ _NewCompound1)) /\ (!G_NoEdges \/ _NewCompound1)) /\ (!GEN_Edges \/ _NewCompound1)) /\ (!_SearchI \/ SearchAlg)) /\ (!SearchAlg \/ _SearchI)) /\ (!_BFS \/ BFS)) /\ (!BFS \/ _BFS)) /\ (!_Directed \/ Directed)) /\ (!Directed \/ _Directed)) /\ (!_BaseImpl \/ NewCompound1)) /\ (!NewCompound1 \/ _BaseImpl)) /\ (!EdgeObjects \/ _BaseImpl)) /\ (!_DFS \/ DFS)) /\ (!DFS \/ _DFS)) /\ (!Prog \/ Benchmark)) /\ (!GEN_Edges \/ EdgeObjects)) /\ (!DFS \/ SearchBase)) /\ (!BFS \/ SearchBase)) /\ (!Number \/ SearchBase)) /\ (!Connected \/ SearchBase)) /\ (!Connected \/ Undirected)) /\ (!StronglyConnected \/ Directed)) /\ (!StronglyConnected \/ DFS)) /\ (!StronglyConnected \/ Transpose)) /\ (!Cycle \/ DFS)) /\ (!MSTPrim \/ EdgeObjects)) /\ (!MSTPrim \/ Undirected)) /\ (!MSTPrim \/ Weighted)) /\ (!MSTKruskal \/ EdgeObjects)) /\ (!MSTKruskal \/ Undirected)) /\ (!MSTKruskal \/ Weighted)) /\ (!Shortest \/ Directed)) /\ (!Shortest \/ Weighted)) /\ SPL)
24.0	app reachable casts	6	@ ((((((((((((((((((((((((((((((((((((((((((((((((((((((((((((((((((((((((((((((!Algorithms \/ _Algorithms) /\ (!_Algorithms \/ Algorithms)) /\ (!NewCompound1 \/ _NewCompound1)) /\ (!_NewCompound1 \/ NewCompound1)) /\ (!BaseImpl \/ _BaseImpl)) /\ (!_BaseImpl \/ BaseImpl)) /\ (((!SearchAlg \/ _SearchBase) \/ _BFS) \/ _DFS)) /\ (!_SearchBase \/ SearchAlg)) /\ (!_BFS \/ SearchAlg)) /\ (!_DFS \/ SearchAlg)) /\ (!_SearchBase \/ !_BFS)) /\ (!_SearchBase \/ !_DFS)) /\ (!_BFS \/ !_DFS)) /\ (!SearchI \/ _SearchI)) /\ (!_SearchI \/ SearchI)) /\ ((!Edges \/ _Undirected) \/ _Directed)) /\ (!_Undirected \/ Edges)) /\ (!_Directed \/ Edges)) /\ (!_Undirected \/ !_Directed)) /\ (!SPL \/ GPL)) /\ (!GPL \/ SPL)) /\ (!Base \/ GPL)) /\ (!Benchmark \/ GPL)) /\ (!Prog \/ GPL)) /\ (!GPL \/ Edges)) /\ (!Edges \/ GPL)) /\ (!Weighted \/ GPL)) /\ (!GPL \/ BaseImpl)) /\ (!BaseImpl \/ GPL)) /\ (!SearchI \/ GPL)) /\ (!GPL \/ Algorithms)) /\ (!Algorithms \/ GPL)) /\ (!_Undirected \/ Undirected)) /\ (!Undirected \/ _Undirected)) /\ (!Number \/ _Algorithms)) /\ (!Connected \/ _Algorithms)) /\ (!Transpose \/ _Algorithms)) /\ (!MSTPrim \/ _Algorithms)) /\ (!MSTKruskal \/ _Algorithms)) /\ (!Shortest \/ _Algorithms)) /\ (!Cycle \/ _Algorithms)) /\ (!StronglyConnected \/ _Algorithms)) /\ (!_SearchBase \/ SearchBase)) /\ (!SearchBase \/ _SearchBase)) /\ (!GN_OnlyNeighbors \/ _NewCompound1)) /\ (!G_NoEdges \/ _NewCompound1)) /\ (!GEN_Edges \/ _NewCompound1)) /\ (!_SearchI \/ SearchAlg)) /\ (!SearchAlg \/ _SearchI)) /\ (!_BFS \/ BFS)) /\ (!BFS \/ _BFS)) /\ (!_Directed \/ Directed)) /\ (!Directed \/ _Directed)) /\ (!_BaseImpl \/ NewCompound1)) /\ (!NewCompound1 \/ _BaseImpl)) /\ (!EdgeObjects \/ _BaseImpl)) /\ (!_DFS \/ DFS)) /\ (!DFS \/ _DFS)) /\ (!Prog \/ Benchmark)) /\ (!GEN_Edges \/ EdgeObjects)) /\ (!DFS \/ SearchBase)) /\ (!BFS \/ SearchBase)) /\ (!Number \/ SearchBase)) /\ (!Connected \/ SearchBase)) /\ (!Connected \/ Undirected)) /\ (!StronglyConnected \/ Directed)) /\ (!StronglyConnected \/ DFS)) /\ (!StronglyConnected \/ Transpose)) /\ (!Cycle \/ DFS)) /\ (!MSTPrim \/ EdgeObjects)) /\ (!MSTPrim \/ Undirected)) /\ (!MSTPrim \/ Weighted)) /\ (!MSTKruskal \/ EdgeObjects)) /\ (!MSTKruskal \/ Undirected)) /\ (!MSTKruskal \/ Weighted)) /\ (!Shortest \/ Directed)) /\ (!Shortest \/ Weighted)) /\ SPL)
25.0	app reachable casts that may fail	6	@ ((((((((((((((((((((((((((((((((((((((((((((((((((((((((((((((((((((((((((((((!Algorithms \/ _Algorithms) /\ (!_Algorithms \/ Algorithms)) /\ (!NewCompound1 \/ _NewCompound1)) /\ (!_NewCompound1 \/ NewCompound1)) /\ (!BaseImpl \/ _BaseImpl)) /\ (!_BaseImpl \/ BaseImpl)) /\ (((!SearchAlg \/ _SearchBase) \/ _BFS) \/ _DFS)) /\ (!_SearchBase \/ SearchAlg)) /\ (!_BFS \/ SearchAlg)) /\ (!_DFS \/ SearchAlg)) /\ (!_SearchBase \/ !_BFS)) /\ (!_SearchBase \/ !_DFS)) /\ (!_BFS \/ !_DFS)) /\ (!SearchI \/ _SearchI)) /\ (!_SearchI \/ SearchI)) /\ ((!Edges \/ _Undirected) \/ _Directed)) /\ (!_Undirected \/ Edges)) /\ (!_Directed \/ Edges)) /\ (!_Undirected \/ !_Directed)) /\ (!SPL \/ GPL)) /\ (!GPL \/ SPL)) /\ (!Base \/ GPL)) /\ (!Benchmark \/ GPL)) /\ (!Prog \/ GPL)) /\ (!GPL \/ Edges)) /\ (!Edges \/ GPL)) /\ (!Weighted \/ GPL)) /\ (!GPL \/ BaseImpl)) /\ (!BaseImpl \/ GPL)) /\ (!SearchI \/ GPL)) /\ (!GPL \/ Algorithms)) /\ (!Algorithms \/ GPL)) /\ (!_Undirected \/ Undirected)) /\ (!Undirected \/ _Undirected)) /\ (!Number \/ _Algorithms)) /\ (!Connected \/ _Algorithms)) /\ (!Transpose \/ _Algorithms)) /\ (!MSTPrim \/ _Algorithms)) /\ (!MSTKruskal \/ _Algorithms)) /\ (!Shortest \/ _Algorithms)) /\ (!Cycle \/ _Algorithms)) /\ (!StronglyConnected \/ _Algorithms)) /\ (!_SearchBase \/ SearchBase)) /\ (!SearchBase \/ _SearchBase)) /\ (!GN_OnlyNeighbors \/ _NewCompound1)) /\ (!G_NoEdges \/ _NewCompound1)) /\ (!GEN_Edges \/ _NewCompound1)) /\ (!_SearchI \/ SearchAlg)) /\ (!SearchAlg \/ _SearchI)) /\ (!_BFS \/ BFS)) /\ (!BFS \/ _BFS)) /\ (!_Directed \/ Directed)) /\ (!Directed \/ _Directed)) /\ (!_BaseImpl \/ NewCompound1)) /\ (!NewCompound1 \/ _BaseImpl)) /\ (!EdgeObjects \/ _BaseImpl)) /\ (!_DFS \/ DFS)) /\ (!DFS \/ _DFS)) /\ (!Prog \/ Benchmark)) /\ (!GEN_Edges \/ EdgeObjects)) /\ (!DFS \/ SearchBase)) /\ (!BFS \/ SearchBase)) /\ (!Number \/ SearchBase)) /\ (!Connected \/ SearchBase)) /\ (!Connected \/ Undirected)) /\ (!StronglyConnected \/ Directed)) /\ (!StronglyConnected \/ DFS)) /\ (!StronglyConnected \/ Transpose)) /\ (!Cycle \/ DFS)) /\ (!MSTPrim \/ EdgeObjects)) /\ (!MSTPrim \/ Undirected)) /\ (!MSTPrim \/ Weighted)) /\ (!MSTKruskal \/ EdgeObjects)) /\ (!MSTKruskal \/ Undirected)) /\ (!MSTKruskal \/ Weighted)) /\ (!Shortest \/ Directed)) /\ (!Shortest \/ Weighted)) /\ SPL)
25.5	app reachable methods	125	@ ((((((((((((((((((((((((((((((((((((((((((((((((((((((((((((((((((((((((((((((!Algorithms \/ _Algorithms) /\ (!_Algorithms \/ Algorithms)) /\ (!NewCompound1 \/ _NewCompound1)) /\ (!_NewCompound1 \/ NewCompound1)) /\ (!BaseImpl \/ _BaseImpl)) /\ (!_BaseImpl \/ BaseImpl)) /\ (((!SearchAlg \/ _SearchBase) \/ _BFS) \/ _DFS)) /\ (!_SearchBase \/ SearchAlg)) /\ (!_BFS \/ SearchAlg)) /\ (!_DFS \/ SearchAlg)) /\ (!_SearchBase \/ !_BFS)) /\ (!_SearchBase \/ !_DFS)) /\ (!_BFS \/ !_DFS)) /\ (!SearchI \/ _SearchI)) /\ (!_SearchI \/ SearchI)) /\ ((!Edges \/ _Undirected) \/ _Directed)) /\ (!_Undirected \/ Edges)) /\ (!_Directed \/ Edges)) /\ (!_Undirected \/ !_Directed)) /\ (!SPL \/ GPL)) /\ (!GPL \/ SPL)) /\ (!Base \/ GPL)) /\ (!Benchmark \/ GPL)) /\ (!Prog \/ GPL)) /\ (!GPL \/ Edges)) /\ (!Edges \/ GPL)) /\ (!Weighted \/ GPL)) /\ (!GPL \/ BaseImpl)) /\ (!BaseImpl \/ GPL)) /\ (!SearchI \/ GPL)) /\ (!GPL \/ Algorithms)) /\ (!Algorithms \/ GPL)) /\ (!_Undirected \/ Undirected)) /\ (!Undirected \/ _Undirected)) /\ (!Number \/ _Algorithms)) /\ (!Connected \/ _Algorithms)) /\ (!Transpose \/ _Algorithms)) /\ (!MSTPrim \/ _Algorithms)) /\ (!MSTKruskal \/ _Algorithms)) /\ (!Shortest \/ _Algorithms)) /\ (!Cycle \/ _Algorithms)) /\ (!StronglyConnected \/ _Algorithms)) /\ (!_SearchBase \/ SearchBase)) /\ (!SearchBase \/ _SearchBase)) /\ (!GN_OnlyNeighbors \/ _NewCompound1)) /\ (!G_NoEdges \/ _NewCompound1)) /\ (!GEN_Edges \/ _NewCompound1)) /\ (!_SearchI \/ SearchAlg)) /\ (!SearchAlg \/ _SearchI)) /\ (!_BFS \/ BFS)) /\ (!BFS \/ _BFS)) /\ (!_Directed \/ Directed)) /\ (!Directed \/ _Directed)) /\ (!_BaseImpl \/ NewCompound1)) /\ (!NewCompound1 \/ _BaseImpl)) /\ (!EdgeObjects \/ _BaseImpl)) /\ (!_DFS \/ DFS)) /\ (!DFS \/ _DFS)) /\ (!Prog \/ Benchmark)) /\ (!GEN_Edges \/ EdgeObjects)) /\ (!DFS \/ SearchBase)) /\ (!BFS \/ SearchBase)) /\ (!Number \/ SearchBase)) /\ (!Connected \/ SearchBase)) /\ (!Connected \/ Undirected)) /\ (!StronglyConnected \/ Directed)) /\ (!StronglyConnected \/ DFS)) /\ (!StronglyConnected \/ Transpose)) /\ (!Cycle \/ DFS)) /\ (!MSTPrim \/ EdgeObjects)) /\ (!MSTPrim \/ Undirected)) /\ (!MSTPrim \/ Weighted)) /\ (!MSTKruskal \/ EdgeObjects)) /\ (!MSTKruskal \/ Undirected)) /\ (!MSTKruskal \/ Weighted)) /\ (!Shortest \/ Directed)) /\ (!Shortest \/ Weighted)) /\ SPL)
60.0	Entry Points	103	@ ((((((((((((((((((((((((((((((((((((((((((((((((((((((((((((((((((((((((((((((!Algorithms \/ _Algorithms) /\ (!_Algorithms \/ Algorithms)) /\ (!NewCompound1 \/ _NewCompound1)) /\ (!_NewCompound1 \/ NewCompound1)) /\ (!BaseImpl \/ _BaseImpl)) /\ (!_BaseImpl \/ BaseImpl)) /\ (((!SearchAlg \/ _SearchBase) \/ _BFS) \/ _DFS)) /\ (!_SearchBase \/ SearchAlg)) /\ (!_BFS \/ SearchAlg)) /\ (!_DFS \/ SearchAlg)) /\ (!_SearchBase \/ !_BFS)) /\ (!_SearchBase \/ !_DFS)) /\ (!_BFS \/ !_DFS)) /\ (!SearchI \/ _SearchI)) /\ (!_SearchI \/ SearchI)) /\ ((!Edges \/ _Undirected) \/ _Directed)) /\ (!_Undirected \/ Edges)) /\ (!_Directed \/ Edges)) /\ (!_Undirected \/ !_Directed)) /\ (!SPL \/ GPL)) /\ (!GPL \/ SPL)) /\ (!Base \/ GPL)) /\ (!Benchmark \/ GPL)) /\ (!Prog \/ GPL)) /\ (!GPL \/ Edges)) /\ (!Edges \/ GPL)) /\ (!Weighted \/ GPL)) /\ (!GPL \/ BaseImpl)) /\ (!BaseImpl \/ GPL)) /\ (!SearchI \/ GPL)) /\ (!GPL \/ Algorithms)) /\ (!Algorithms \/ GPL)) /\ (!_Undirected \/ Undirected)) /\ (!Undirected \/ _Undirected)) /\ (!Number \/ _Algorithms)) /\ (!Connected \/ _Algorithms)) /\ (!Transpose \/ _Algorithms)) /\ (!MSTPrim \/ _Algorithms)) /\ (!MSTKruskal \/ _Algorithms)) /\ (!Shortest \/ _Algorithms)) /\ (!Cycle \/ _Algorithms)) /\ (!StronglyConnected \/ _Algorithms)) /\ (!_SearchBase \/ SearchBase)) /\ (!SearchBase \/ _SearchBase)) /\ (!GN_OnlyNeighbors \/ _NewCompound1)) /\ (!G_NoEdges \/ _NewCompound1)) /\ (!GEN_Edges \/ _NewCompound1)) /\ (!_SearchI \/ SearchAlg)) /\ (!SearchAlg \/ _SearchI)) /\ (!_BFS \/ BFS)) /\ (!BFS \/ _BFS)) /\ (!_Directed \/ Directed)) /\ (!Directed \/ _Directed)) /\ (!_BaseImpl \/ NewCompound1)) /\ (!NewCompound1 \/ _BaseImpl)) /\ (!EdgeObjects \/ _BaseImpl)) /\ (!_DFS \/ DFS)) /\ (!DFS \/ _DFS)) /\ (!Prog \/ Benchmark)) /\ (!GEN_Edges \/ EdgeObjects)) /\ (!DFS \/ SearchBase)) /\ (!BFS \/ SearchBase)) /\ (!Number \/ SearchBase)) /\ (!Connected \/ SearchBase)) /\ (!Connected \/ Undirected)) /\ (!StronglyConnected \/ Directed)) /\ (!StronglyConnected \/ DFS)) /\ (!StronglyConnected \/ Transpose)) /\ (!Cycle \/ DFS)) /\ (!MSTPrim \/ EdgeObjects)) /\ (!MSTPrim \/ Undirected)) /\ (!MSTPrim \/ Weighted)) /\ (!MSTKruskal \/ EdgeObjects)) /\ (!MSTKruskal \/ Undirected)) /\ (!MSTKruskal \/ Weighted)) /\ (!Shortest \/ Directed)) /\ (!Shortest \/ Weighted)) /\ SPL)
61.0	Mock Objects	27	@ ((((((((((((((((((((((((((((((((((((((((((((((((((((((((((((((((((((((((((((((!Algorithms \/ _Algorithms) /\ (!_Algorithms \/ Algorithms)) /\ (!NewCompound1 \/ _NewCompound1)) /\ (!_NewCompound1 \/ NewCompound1)) /\ (!BaseImpl \/ _BaseImpl)) /\ (!_BaseImpl \/ BaseImpl)) /\ (((!SearchAlg \/ _SearchBase) \/ _BFS) \/ _DFS)) /\ (!_SearchBase \/ SearchAlg)) /\ (!_BFS \/ SearchAlg)) /\ (!_DFS \/ SearchAlg)) /\ (!_SearchBase \/ !_BFS)) /\ (!_SearchBase \/ !_DFS)) /\ (!_BFS \/ !_DFS)) /\ (!SearchI \/ _SearchI)) /\ (!_SearchI \/ SearchI)) /\ ((!Edges \/ _Undirected) \/ _Directed)) /\ (!_Undirected \/ Edges)) /\ (!_Directed \/ Edges)) /\ (!_Undirected \/ !_Directed)) /\ (!SPL \/ GPL)) /\ (!GPL \/ SPL)) /\ (!Base \/ GPL)) /\ (!Benchmark \/ GPL)) /\ (!Prog \/ GPL)) /\ (!GPL \/ Edges)) /\ (!Edges \/ GPL)) /\ (!Weighted \/ GPL)) /\ (!GPL \/ BaseImpl)) /\ (!BaseImpl \/ GPL)) /\ (!SearchI \/ GPL)) /\ (!GPL \/ Algorithms)) /\ (!Algorithms \/ GPL)) /\ (!_Undirected \/ Undirected)) /\ (!Undirected \/ _Undirected)) /\ (!Number \/ _Algorithms)) /\ (!Connected \/ _Algorithms)) /\ (!Transpose \/ _Algorithms)) /\ (!MSTPrim \/ _Algorithms)) /\ (!MSTKruskal \/ _Algorithms)) /\ (!Shortest \/ _Algorithms)) /\ (!Cycle \/ _Algorithms)) /\ (!StronglyConnected \/ _Algorithms)) /\ (!_SearchBase \/ SearchBase)) /\ (!SearchBase \/ _SearchBase)) /\ (!GN_OnlyNeighbors \/ _NewCompound1)) /\ (!G_NoEdges \/ _NewCompound1)) /\ (!GEN_Edges \/ _NewCompound1)) /\ (!_SearchI \/ SearchAlg)) /\ (!SearchAlg \/ _SearchI)) /\ (!_BFS \/ BFS)) /\ (!BFS \/ _BFS)) /\ (!_Directed \/ Directed)) /\ (!Directed \/ _Directed)) /\ (!_BaseImpl \/ NewCompound1)) /\ (!NewCompound1 \/ _BaseImpl)) /\ (!EdgeObjects \/ _BaseImpl)) /\ (!_DFS \/ DFS)) /\ (!DFS \/ _DFS)) /\ (!Prog \/ Benchmark)) /\ (!GEN_Edges \/ EdgeObjects)) /\ (!DFS \/ SearchBase)) /\ (!BFS \/ SearchBase)) /\ (!Number \/ SearchBase)) /\ (!Connected \/ SearchBase)) /\ (!Connected \/ Undirected)) /\ (!StronglyConnected \/ Directed)) /\ (!StronglyConnected \/ DFS)) /\ (!StronglyConnected \/ Transpose)) /\ (!Cycle \/ DFS)) /\ (!MSTPrim \/ EdgeObjects)) /\ (!MSTPrim \/ Undirected)) /\ (!MSTPrim \/ Weighted)) /\ (!MSTKruskal \/ EdgeObjects)) /\ (!MSTKruskal \/ Undirected)) /\ (!MSTKruskal \/ Weighted)) /\ (!Shortest \/ Directed)) /\ (!Shortest \/ Weighted)) /\ SPL)
61.1	Mock Objects for Receivers	24	@ ((((((((((((((((((((((((((((((((((((((((((((((((((((((((((((((((((((((((((((((!Algorithms \/ _Algorithms) /\ (!_Algorithms \/ Algorithms)) /\ (!NewCompound1 \/ _NewCompound1)) /\ (!_NewCompound1 \/ NewCompound1)) /\ (!BaseImpl \/ _BaseImpl)) /\ (!_BaseImpl \/ BaseImpl)) /\ (((!SearchAlg \/ _SearchBase) \/ _BFS) \/ _DFS)) /\ (!_SearchBase \/ SearchAlg)) /\ (!_BFS \/ SearchAlg)) /\ (!_DFS \/ SearchAlg)) /\ (!_SearchBase \/ !_BFS)) /\ (!_SearchBase \/ !_DFS)) /\ (!_BFS \/ !_DFS)) /\ (!SearchI \/ _SearchI)) /\ (!_SearchI \/ SearchI)) /\ ((!Edges \/ _Undirected) \/ _Directed)) /\ (!_Undirected \/ Edges)) /\ (!_Directed \/ Edges)) /\ (!_Undirected \/ !_Directed)) /\ (!SPL \/ GPL)) /\ (!GPL \/ SPL)) /\ (!Base \/ GPL)) /\ (!Benchmark \/ GPL)) /\ (!Prog \/ GPL)) /\ (!GPL \/ Edges)) /\ (!Edges \/ GPL)) /\ (!Weighted \/ GPL)) /\ (!GPL \/ BaseImpl)) /\ (!BaseImpl \/ GPL)) /\ (!SearchI \/ GPL)) /\ (!GPL \/ Algorithms)) /\ (!Algorithms \/ GPL)) /\ (!_Undirected \/ Undirected)) /\ (!Undirected \/ _Undirected)) /\ (!Number \/ _Algorithms)) /\ (!Connected \/ _Algorithms)) /\ (!Transpose \/ _Algorithms)) /\ (!MSTPrim \/ _Algorithms)) /\ (!MSTKruskal \/ _Algorithms)) /\ (!Shortest \/ _Algorithms)) /\ (!Cycle \/ _Algorithms)) /\ (!StronglyConnected \/ _Algorithms)) /\ (!_SearchBase \/ SearchBase)) /\ (!SearchBase \/ _SearchBase)) /\ (!GN_OnlyNeighbors \/ _NewCompound1)) /\ (!G_NoEdges \/ _NewCompound1)) /\ (!GEN_Edges \/ _NewCompound1)) /\ (!_SearchI \/ SearchAlg)) /\ (!SearchAlg \/ _SearchI)) /\ (!_BFS \/ BFS)) /\ (!BFS \/ _BFS)) /\ (!_Directed \/ Directed)) /\ (!Directed \/ _Directed)) /\ (!_BaseImpl \/ NewCompound1)) /\ (!NewCompound1 \/ _BaseImpl)) /\ (!EdgeObjects \/ _BaseImpl)) /\ (!_DFS \/ DFS)) /\ (!DFS \/ _DFS)) /\ (!Prog \/ Benchmark)) /\ (!GEN_Edges \/ EdgeObjects)) /\ (!DFS \/ SearchBase)) /\ (!BFS \/ SearchBase)) /\ (!Number \/ SearchBase)) /\ (!Connected \/ SearchBase)) /\ (!Connected \/ Undirected)) /\ (!StronglyConnected \/ Directed)) /\ (!StronglyConnected \/ DFS)) /\ (!StronglyConnected \/ Transpose)) /\ (!Cycle \/ DFS)) /\ (!MSTPrim \/ EdgeObjects)) /\ (!MSTPrim \/ Undirected)) /\ (!MSTPrim \/ Weighted)) /\ (!MSTKruskal \/ EdgeObjects)) /\ (!MSTKruskal \/ Undirected)) /\ (!MSTKruskal \/ Weighted)) /\ (!Shortest \/ Directed)) /\ (!Shortest \/ Weighted)) /\ SPL)
61.2	Mock Objects for Fields	0	@ ((((((((((((((((((((((((((((((((((((((((((((((((((((((((((((((((((((((((((((((!Algorithms \/ _Algorithms) /\ (!_Algorithms \/ Algorithms)) /\ (!NewCompound1 \/ _NewCompound1)) /\ (!_NewCompound1 \/ NewCompound1)) /\ (!BaseImpl \/ _BaseImpl)) /\ (!_BaseImpl \/ BaseImpl)) /\ (((!SearchAlg \/ _SearchBase) \/ _BFS) \/ _DFS)) /\ (!_SearchBase \/ SearchAlg)) /\ (!_BFS \/ SearchAlg)) /\ (!_DFS \/ SearchAlg)) /\ (!_SearchBase \/ !_BFS)) /\ (!_SearchBase \/ !_DFS)) /\ (!_BFS \/ !_DFS)) /\ (!SearchI \/ _SearchI)) /\ (!_SearchI \/ SearchI)) /\ ((!Edges \/ _Undirected) \/ _Directed)) /\ (!_Undirected \/ Edges)) /\ (!_Directed \/ Edges)) /\ (!_Undirected \/ !_Directed)) /\ (!SPL \/ GPL)) /\ (!GPL \/ SPL)) /\ (!Base \/ GPL)) /\ (!Benchmark \/ GPL)) /\ (!Prog \/ GPL)) /\ (!GPL \/ Edges)) /\ (!Edges \/ GPL)) /\ (!Weighted \/ GPL)) /\ (!GPL \/ BaseImpl)) /\ (!BaseImpl \/ GPL)) /\ (!SearchI \/ GPL)) /\ (!GPL \/ Algorithms)) /\ (!Algorithms \/ GPL)) /\ (!_Undirected \/ Undirected)) /\ (!Undirected \/ _Undirected)) /\ (!Number \/ _Algorithms)) /\ (!Connected \/ _Algorithms)) /\ (!Transpose \/ _Algorithms)) /\ (!MSTPrim \/ _Algorithms)) /\ (!MSTKruskal \/ _Algorithms)) /\ (!Shortest \/ _Algorithms)) /\ (!Cycle \/ _Algorithms)) /\ (!StronglyConnected \/ _Algorithms)) /\ (!_SearchBase \/ SearchBase)) /\ (!SearchBase \/ _SearchBase)) /\ (!GN_OnlyNeighbors \/ _NewCompound1)) /\ (!G_NoEdges \/ _NewCompound1)) /\ (!GEN_Edges \/ _NewCompound1)) /\ (!_SearchI \/ SearchAlg)) /\ (!SearchAlg \/ _SearchI)) /\ (!_BFS \/ BFS)) /\ (!BFS \/ _BFS)) /\ (!_Directed \/ Directed)) /\ (!Directed \/ _Directed)) /\ (!_BaseImpl \/ NewCompound1)) /\ (!NewCompound1 \/ _BaseImpl)) /\ (!EdgeObjects \/ _BaseImpl)) /\ (!_DFS \/ DFS)) /\ (!DFS \/ _DFS)) /\ (!Prog \/ Benchmark)) /\ (!GEN_Edges \/ EdgeObjects)) /\ (!DFS \/ SearchBase)) /\ (!BFS \/ SearchBase)) /\ (!Number \/ SearchBase)) /\ (!Connected \/ SearchBase)) /\ (!Connected \/ Undirected)) /\ (!StronglyConnected \/ Directed)) /\ (!StronglyConnected \/ DFS)) /\ (!StronglyConnected \/ Transpose)) /\ (!Cycle \/ DFS)) /\ (!MSTPrim \/ EdgeObjects)) /\ (!MSTPrim \/ Undirected)) /\ (!MSTPrim \/ Weighted)) /\ (!MSTKruskal \/ EdgeObjects)) /\ (!MSTKruskal \/ Undirected)) /\ (!MSTKruskal \/ Weighted)) /\ (!Shortest \/ Directed)) /\ (!Shortest \/ Weighted)) /\ SPL)
61.3	Mock Objects for Arrays	1	@ ((((((((((((((((((((((((((((((((((((((((((((((((((((((((((((((((((((((((((((((!Algorithms \/ _Algorithms) /\ (!_Algorithms \/ Algorithms)) /\ (!NewCompound1 \/ _NewCompound1)) /\ (!_NewCompound1 \/ NewCompound1)) /\ (!BaseImpl \/ _BaseImpl)) /\ (!_BaseImpl \/ BaseImpl)) /\ (((!SearchAlg \/ _SearchBase) \/ _BFS) \/ _DFS)) /\ (!_SearchBase \/ SearchAlg)) /\ (!_BFS \/ SearchAlg)) /\ (!_DFS \/ SearchAlg)) /\ (!_SearchBase \/ !_BFS)) /\ (!_SearchBase \/ !_DFS)) /\ (!_BFS \/ !_DFS)) /\ (!SearchI \/ _SearchI)) /\ (!_SearchI \/ SearchI)) /\ ((!Edges \/ _Undirected) \/ _Directed)) /\ (!_Undirected \/ Edges)) /\ (!_Directed \/ Edges)) /\ (!_Undirected \/ !_Directed)) /\ (!SPL \/ GPL)) /\ (!GPL \/ SPL)) /\ (!Base \/ GPL)) /\ (!Benchmark \/ GPL)) /\ (!Prog \/ GPL)) /\ (!GPL \/ Edges)) /\ (!Edges \/ GPL)) /\ (!Weighted \/ GPL)) /\ (!GPL \/ BaseImpl)) /\ (!BaseImpl \/ GPL)) /\ (!SearchI \/ GPL)) /\ (!GPL \/ Algorithms)) /\ (!Algorithms \/ GPL)) /\ (!_Undirected \/ Undirected)) /\ (!Undirected \/ _Undirected)) /\ (!Number \/ _Algorithms)) /\ (!Connected \/ _Algorithms)) /\ (!Transpose \/ _Algorithms)) /\ (!MSTPrim \/ _Algorithms)) /\ (!MSTKruskal \/ _Algorithms)) /\ (!Shortest \/ _Algorithms)) /\ (!Cycle \/ _Algorithms)) /\ (!StronglyConnected \/ _Algorithms)) /\ (!_SearchBase \/ SearchBase)) /\ (!SearchBase \/ _SearchBase)) /\ (!GN_OnlyNeighbors \/ _NewCompound1)) /\ (!G_NoEdges \/ _NewCompound1)) /\ (!GEN_Edges \/ _NewCompound1)) /\ (!_SearchI \/ SearchAlg)) /\ (!SearchAlg \/ _SearchI)) /\ (!_BFS \/ BFS)) /\ (!BFS \/ _BFS)) /\ (!_Directed \/ Directed)) /\ (!Directed \/ _Directed)) /\ (!_BaseImpl \/ NewCompound1)) /\ (!NewCompound1 \/ _BaseImpl)) /\ (!EdgeObjects \/ _BaseImpl)) /\ (!_DFS \/ DFS)) /\ (!DFS \/ _DFS)) /\ (!Prog \/ Benchmark)) /\ (!GEN_Edges \/ EdgeObjects)) /\ (!DFS \/ SearchBase)) /\ (!BFS \/ SearchBase)) /\ (!Number \/ SearchBase)) /\ (!Connected \/ SearchBase)) /\ (!Connected \/ Undirected)) /\ (!StronglyConnected \/ Directed)) /\ (!StronglyConnected \/ DFS)) /\ (!StronglyConnected \/ Transpose)) /\ (!Cycle \/ DFS)) /\ (!MSTPrim \/ EdgeObjects)) /\ (!MSTPrim \/ Undirected)) /\ (!MSTPrim \/ Weighted)) /\ (!MSTKruskal \/ EdgeObjects)) /\ (!MSTKruskal \/ Undirected)) /\ (!MSTKruskal \/ Weighted)) /\ (!Shortest \/ Directed)) /\ (!Shortest \/ Weighted)) /\ SPL)
61.4	Mock Objects for Formals	9	@ ((((((((((((((((((((((((((((((((((((((((((((((((((((((((((((((((((((((((((((((!Algorithms \/ _Algorithms) /\ (!_Algorithms \/ Algorithms)) /\ (!NewCompound1 \/ _NewCompound1)) /\ (!_NewCompound1 \/ NewCompound1)) /\ (!BaseImpl \/ _BaseImpl)) /\ (!_BaseImpl \/ BaseImpl)) /\ (((!SearchAlg \/ _SearchBase) \/ _BFS) \/ _DFS)) /\ (!_SearchBase \/ SearchAlg)) /\ (!_BFS \/ SearchAlg)) /\ (!_DFS \/ SearchAlg)) /\ (!_SearchBase \/ !_BFS)) /\ (!_SearchBase \/ !_DFS)) /\ (!_BFS \/ !_DFS)) /\ (!SearchI \/ _SearchI)) /\ (!_SearchI \/ SearchI)) /\ ((!Edges \/ _Undirected) \/ _Directed)) /\ (!_Undirected \/ Edges)) /\ (!_Directed \/ Edges)) /\ (!_Undirected \/ !_Directed)) /\ (!SPL \/ GPL)) /\ (!GPL \/ SPL)) /\ (!Base \/ GPL)) /\ (!Benchmark \/ GPL)) /\ (!Prog \/ GPL)) /\ (!GPL \/ Edges)) /\ (!Edges \/ GPL)) /\ (!Weighted \/ GPL)) /\ (!GPL \/ BaseImpl)) /\ (!BaseImpl \/ GPL)) /\ (!SearchI \/ GPL)) /\ (!GPL \/ Algorithms)) /\ (!Algorithms \/ GPL)) /\ (!_Undirected \/ Undirected)) /\ (!Undirected \/ _Undirected)) /\ (!Number \/ _Algorithms)) /\ (!Connected \/ _Algorithms)) /\ (!Transpose \/ _Algorithms)) /\ (!MSTPrim \/ _Algorithms)) /\ (!MSTKruskal \/ _Algorithms)) /\ (!Shortest \/ _Algorithms)) /\ (!Cycle \/ _Algorithms)) /\ (!StronglyConnected \/ _Algorithms)) /\ (!_SearchBase \/ SearchBase)) /\ (!SearchBase \/ _SearchBase)) /\ (!GN_OnlyNeighbors \/ _NewCompound1)) /\ (!G_NoEdges \/ _NewCompound1)) /\ (!GEN_Edges \/ _NewCompound1)) /\ (!_SearchI \/ SearchAlg)) /\ (!SearchAlg \/ _SearchI)) /\ (!_BFS \/ BFS)) /\ (!BFS \/ _BFS)) /\ (!_Directed \/ Directed)) /\ (!Directed \/ _Directed)) /\ (!_BaseImpl \/ NewCompound1)) /\ (!NewCompound1 \/ _BaseImpl)) /\ (!EdgeObjects \/ _BaseImpl)) /\ (!_DFS \/ DFS)) /\ (!DFS \/ _DFS)) /\ (!Prog \/ Benchmark)) /\ (!GEN_Edges \/ EdgeObjects)) /\ (!DFS \/ SearchBase)) /\ (!BFS \/ SearchBase)) /\ (!Number \/ SearchBase)) /\ (!Connected \/ SearchBase)) /\ (!Connected \/ Undirected)) /\ (!StronglyConnected \/ Directed)) /\ (!StronglyConnected \/ DFS)) /\ (!StronglyConnected \/ Transpose)) /\ (!Cycle \/ DFS)) /\ (!MSTPrim \/ EdgeObjects)) /\ (!MSTPrim \/ Undirected)) /\ (!MSTPrim \/ Weighted)) /\ (!MSTKruskal \/ EdgeObjects)) /\ (!MSTKruskal \/ Undirected)) /\ (!MSTKruskal \/ Weighted)) /\ (!Shortest \/ Directed)) /\ (!Shortest \/ Weighted)) /\ SPL)
