<Main: void main(java.lang.String[])>/Main.readWeights/0	<Main: void readWeights(Graph,int)>	@ (((Prog /\ Prog) /\ Benchmark) /\ (Prog /\ Prog))
<Main: void main(java.lang.String[])>/Main.addEdge/0	<Main: EdgeIfc addEdge(Graph,int)>	@ (((Prog /\ Prog) /\ Benchmark) /\ (Prog /\ Prog))
<Main: void main(java.lang.String[])>/Graph.startProfile/0	<Graph: void startProfile()>	@ (((Prog /\ Prog) /\ Benchmark) /\ (Prog /\ Prog))
<Main: void main(java.lang.String[])>/Graph.stopProfile/0	<Graph: void stopProfile()>	@ (((Prog /\ Prog) /\ Benchmark) /\ (Prog /\ Prog))
<Main: void main(java.lang.String[])>/Graph.resumeProfile/0	<Graph: void resumeProfile()>	@ (((Prog /\ Prog) /\ Benchmark) /\ (Prog /\ Prog))
<Main: void main(java.lang.String[])>/Graph.endProfile/0	<Graph: void endProfile()>	@ (((Prog /\ Prog) /\ Benchmark) /\ (Prog /\ Prog))
<Main: void main(java.lang.String[])>/java.lang.StringBuilder.<init>/0	<java.lang.StringBuilder: void <init>(java.lang.String)>	@ (((Prog /\ Prog) /\ Benchmark) /\ (Prog /\ Prog))
<Main: void main(java.lang.String[])>/java.lang.StringBuilder.<init>/1	<java.lang.StringBuilder: void <init>(java.lang.String)>	@ (((Prog /\ Prog) /\ Benchmark) /\ (Prog /\ Prog))
<Graph: void endProfile()>/java.lang.StringBuilder.<init>/0	<java.lang.StringBuilder: void <init>(java.lang.String)>	@ ((Benchmark \/ (Benchmark /\ Benchmark)) /\ (Benchmark /\ Benchmark))
<Graph: void sortVertices(java.util.Comparator)>/java.util.Collections.sort/0	<java.util.Collections: void sort(java.util.List,java.util.Comparator)>
<Graph: void sortEdges(java.util.Comparator)>/java.util.Collections.sort/0	<java.util.Collections: void sort(java.util.List,java.util.Comparator)>	@ (((EdgeObjects /\ EdgeObjects) /\ (EdgeObjects /\ G_NoEdges)) /\ (EdgeObjects /\ EdgeObjects))
<Graph: void run(Vertex)>/Graph.stopProfile/0	<Graph: void stopProfile()>	@ (MSTKruskal /\ Prog)
<Graph: void run(Vertex)>/Graph.resumeProfile/0	<Graph: void resumeProfile()>	@ (MSTKruskal /\ Prog)
<Graph: void run(Vertex)>/Graph.stopProfile/1	<Graph: void stopProfile()>	@ (MSTPrim /\ Prog)
<Graph: void run(Vertex)>/Graph.resumeProfile/1	<Graph: void resumeProfile()>	@ (MSTPrim /\ Prog)
<Graph: void run(Vertex)>/Graph.stopProfile/2	<Graph: void stopProfile()>	@ (Prog /\ StronglyConnected)
<Graph: void run(Vertex)>/Graph.resumeProfile/2	<Graph: void resumeProfile()>	@ (Prog /\ StronglyConnected)
<Main: void main(java.lang.String[])>/Vertex.assignName/0	<Vertex: Vertex assignName(java.lang.String)>	@ ((Benchmark \/ (Benchmark /\ Benchmark)) /\ (((Benchmark \/ (Prog /\ Prog)) \/ Benchmark) \/ (Benchmark /\ Benchmark)))
<Main: void main(java.lang.String[])>/Graph.<init>/0	<Graph: void <init>()>	@ (((Prog /\ Prog) /\ Benchmark) /\ (Prog /\ Prog))
<Main: void main(java.lang.String[])>/Vertex.<init>/0	<Vertex: void <init>()>	@ (((Prog /\ Prog) /\ Benchmark) /\ (Prog /\ Prog))
<Main: void main(java.lang.String[])>/Graph.runBenchmark/0	<Graph: void runBenchmark(java.lang.String)>	@ ((Benchmark \/ (Benchmark /\ Benchmark)) /\ (((Benchmark \/ (Prog /\ Prog)) \/ Benchmark) \/ (Benchmark /\ Benchmark)))
<Main: void main(java.lang.String[])>/Graph.readNumber/0	<Graph: int readNumber()>	@ ((Benchmark \/ (Benchmark /\ Benchmark)) /\ (((Benchmark \/ (Prog /\ Prog)) \/ Benchmark) \/ (Benchmark /\ Benchmark)))
<Main: void main(java.lang.String[])>/Graph.readNumber/1	<Graph: int readNumber()>	@ ((Benchmark \/ (Benchmark /\ Benchmark)) /\ (((Benchmark \/ (Prog /\ Prog)) \/ Benchmark) \/ (Benchmark /\ Benchmark)))
<Main: void main(java.lang.String[])>/Graph.readNumber/2	<Graph: int readNumber()>	@ ((Benchmark \/ (Benchmark /\ Benchmark)) /\ (((Benchmark \/ (Prog /\ Prog)) \/ Benchmark) \/ (Benchmark /\ Benchmark)))
<Main: void main(java.lang.String[])>/Graph.readNumber/3	<Graph: int readNumber()>	@ ((Benchmark \/ (Benchmark /\ Benchmark)) /\ (((Benchmark \/ (Prog /\ Prog)) \/ Benchmark) \/ (Benchmark /\ Benchmark)))
<Main: void main(java.lang.String[])>/Graph.readNumber/4	<Graph: int readNumber()>	@ ((Benchmark \/ (Benchmark /\ Benchmark)) /\ (((Benchmark \/ (Prog /\ Prog)) \/ Benchmark) \/ (Benchmark /\ Benchmark)))
<Main: void main(java.lang.String[])>/Graph.addVertex/0	<Graph: void addVertex(Vertex)>	@ ((Benchmark \/ (Benchmark /\ Benchmark)) /\ (((Benchmark \/ (Prog /\ Prog)) \/ Benchmark) \/ (Benchmark /\ Benchmark)))
<Main: void main(java.lang.String[])>/Graph.readNumber/5	<Graph: int readNumber()>	@ ((Benchmark \/ (Benchmark /\ Benchmark)) /\ (((Benchmark \/ (Prog /\ Prog)) \/ Benchmark) \/ (Benchmark /\ Benchmark)))
<Main: void main(java.lang.String[])>/Graph.readNumber/6	<Graph: int readNumber()>	@ ((Benchmark \/ (Benchmark /\ Benchmark)) /\ (((Benchmark \/ (Prog /\ Prog)) \/ Benchmark) \/ (Benchmark /\ Benchmark)))
<Main: void main(java.lang.String[])>/Graph.stopBenchmark/0	<Graph: void stopBenchmark()>	@ ((Benchmark \/ (Benchmark /\ Benchmark)) /\ (((Benchmark \/ (Prog /\ Prog)) \/ Benchmark) \/ (Benchmark /\ Benchmark)))
<Main: void main(java.lang.String[])>/Graph.findsVertex/0	<Graph: Vertex findsVertex(java.lang.String)>	@ ((Benchmark \/ (Benchmark /\ Benchmark)) /\ (((Benchmark \/ (Prog /\ Prog)) \/ Benchmark) \/ (Benchmark /\ Benchmark)))
<Main: void main(java.lang.String[])>/Graph.run/0	<Graph: void run(Vertex)>	@ ((Benchmark \/ (Benchmark /\ Benchmark)) /\ (((Benchmark \/ (Prog /\ Prog)) \/ Benchmark) \/ (Benchmark /\ Benchmark)))
<Main: void main(java.lang.String[])>/Graph.display/0	<Graph: void display()>	@ ((Benchmark \/ (Benchmark /\ Benchmark)) /\ (((Benchmark \/ (Prog /\ Prog)) \/ Benchmark) \/ (Benchmark /\ Benchmark)))
<Vertex: void display()>/java.lang.StringBuilder.<init>/0	<java.lang.StringBuilder: void <init>(java.lang.String)>	@ (Weighted /\ G_NoEdges)
<Vertex: void display()>/java.lang.StringBuilder.<init>/1	<java.lang.StringBuilder: void <init>(java.lang.String)>
<Vertex: void display()>/java.lang.StringBuilder.<init>/2	<java.lang.StringBuilder: void <init>(java.lang.String)>
<Vertex: void display()>/java.lang.StringBuilder.<init>/3	<java.lang.StringBuilder: void <init>(java.lang.String)>	@ Number
<Vertex: void display()>/java.lang.StringBuilder.<init>/4	<java.lang.StringBuilder: void <init>(java.lang.String)>	@ Connected
<Vertex: void display()>/java.lang.StringBuilder.<init>/5	<java.lang.StringBuilder: void <init>(java.lang.String)>	@ StronglyConnected
<Vertex: void display()>/java.lang.StringBuilder.<init>/6	<java.lang.StringBuilder: void <init>(java.lang.String)>	@ Cycle
<Vertex: void display()>/java.lang.StringBuilder.<init>/7	<java.lang.StringBuilder: void <init>(java.lang.String)>	@ MSTKruskal
<Vertex: void display()>/java.lang.StringBuilder.<init>/8	<java.lang.StringBuilder: void <init>(java.lang.String)>	@ MSTPrim
<Graph: void runBenchmark(java.lang.String)>/java.lang.StringBuilder.<init>/0	<java.lang.StringBuilder: void <init>(java.lang.String)>	@ ((Benchmark \/ (Benchmark /\ Benchmark)) /\ (Benchmark /\ Benchmark))
<Graph: void run(Vertex)>/java.lang.StringBuilder.<init>/0	<java.lang.StringBuilder: void <init>(java.lang.String)>	@ (Cycle /\ Prog)
<Edge: void display()>/java.lang.StringBuilder.<init>/0	<java.lang.StringBuilder: void <init>(java.lang.String)>	@ (((EdgeObjects /\ (EdgeObjects /\ Weighted)) /\ (EdgeObjects /\ Weighted)) /\ (EdgeObjects /\ (EdgeObjects /\ Weighted)))
<Edge: void display()>/java.lang.StringBuilder.<init>/1	<java.lang.StringBuilder: void <init>(java.lang.String)>	@ (((EdgeObjects /\ EdgeObjects) /\ (EdgeObjects /\ G_NoEdges)) /\ (EdgeObjects /\ EdgeObjects))
<Neighbor: void display()>/java.lang.StringBuilder.<init>/0	<java.lang.StringBuilder: void <init>(java.lang.String)>	@ (((GN_OnlyNeighbors /\ GN_OnlyNeighbors) /\ GN_OnlyNeighbors) /\ (GN_OnlyNeighbors /\ GN_OnlyNeighbors))
<Graph$Comparator3: int compare(java.lang.Object,java.lang.Object)>/Graph$Comparator3.compare/0	<Graph$Comparator3: int compare(EdgeIfc,EdgeIfc)>	@ MSTKruskal
<Vertex: void setWeight(int)>/Vertex.addWeight/0	<Vertex: void addWeight(int)>	@ ((Benchmark \/ (Benchmark /\ Benchmark)) /\ (((Benchmark \/ (Prog /\ Prog)) \/ Benchmark) \/ (Benchmark /\ Benchmark)))
<Vertex: void nodeSearch(WorkSpace)>/Vertex.getNeighbors/0	<Vertex: VertexIter getNeighbors()>	@ ((DFS /\ SearchBase) /\ (((MSTKruskal /\ MSTKruskal) /\ MSTKruskal) /\ G_NoEdges))
<Vertex: void nodeSearch(WorkSpace)>/Vertex.getNeighbors/1	<Vertex: VertexIter getNeighbors()>	@ ((SearchBase /\ BFS) /\ (((MSTKruskal /\ MSTKruskal) /\ MSTKruskal) /\ G_NoEdges))
<Vertex: void display()>/Vertex.getNeighbors/0	<Vertex: VertexIter getNeighbors()>	@ G_NoEdges
<Graph: void run(Vertex)>/Graph.connectedComponents/0	<Graph: void connectedComponents()>	@ ((Prog /\ Connected) /\ ((((((MSTKruskal /\ MSTKruskal) \/ (MSTPrim /\ MSTPrim)) \/ (Connected /\ Connected)) \/ (StronglyConnected /\ StronglyConnected)) /\ SearchBase) /\ Connected))
<Graph: void run(Vertex)>/Graph.cycleCheck/0	<Graph: boolean cycleCheck()>	@ ((Cycle /\ Prog) /\ (((((MSTKruskal /\ MSTKruskal) \/ (MSTPrim /\ MSTPrim)) \/ (Connected /\ Connected)) \/ (StronglyConnected /\ StronglyConnected)) /\ Cycle))
<Graph: void run(Vertex)>/Graph.kruskal/0	<Graph: Graph kruskal()>	@ (MSTKruskal /\ Prog)
<Graph: void run(Vertex)>/Graph.prim/0	<Graph: Graph prim(Vertex)>	@ (MSTPrim /\ Prog)
<Graph: void run(Vertex)>/Graph.numberVertices/0	<Graph: void numberVertices()>	@ ((Prog /\ Number) /\ ((((Prog /\ Number) /\ Number) /\ (Prog /\ Number)) /\ Number))
<Graph: void run(Vertex)>/Graph.strongComponents/0	<Graph: Graph strongComponents()>	@ (Prog /\ StronglyConnected)
<Graph: void graphSearch(WorkSpace)>/Graph.getVertices/0	<Graph: VertexIter getVertices()>	@ SearchBase
<Graph: void graphSearch(WorkSpace)>/Graph.getVertices/1	<Graph: VertexIter getVertices()>	@ SearchBase
<Graph: void numberVertices()>/Graph.graphSearch/0	<Graph: void graphSearch(WorkSpace)>	@ ((Benchmark \/ (Benchmark /\ Benchmark)) /\ (((Benchmark \/ (Prog /\ Prog)) \/ Benchmark) \/ (Benchmark /\ Benchmark)))
<Graph: void connectedComponents()>/Graph.graphSearch/0	<Graph: void graphSearch(WorkSpace)>	@ ((Benchmark \/ (Benchmark /\ Benchmark)) /\ (((Benchmark \/ (Prog /\ Prog)) \/ Benchmark) \/ (Benchmark /\ Benchmark)))
<Graph: Graph strongComponents()>/Graph.graphSearch/0	<Graph: void graphSearch(WorkSpace)>	@ StronglyConnected
<Graph: Graph strongComponents()>/Graph.sortVertices/0	<Graph: void sortVertices(java.util.Comparator)>	@ StronglyConnected
<Graph: Graph strongComponents()>/Graph.computeTranspose/0	<Graph: Graph computeTranspose(Graph)>	@ (StronglyConnected /\ ((((((MSTKruskal /\ MSTKruskal) \/ (MSTPrim /\ MSTPrim)) \/ (Connected /\ Connected)) \/ (StronglyConnected /\ StronglyConnected)) /\ StronglyConnected) /\ Transpose))
<Graph: Graph computeTranspose(Graph)>/Graph.getVertices/0	<Graph: VertexIter getVertices()>	@ ((Benchmark \/ (Benchmark /\ Benchmark)) /\ (((Benchmark \/ (Prog /\ Prog)) \/ Benchmark) \/ (Benchmark /\ Benchmark)))
<Graph: Graph computeTranspose(Graph)>/Vertex.assignName/0	<Vertex: Vertex assignName(java.lang.String)>	@ ((Benchmark \/ (Benchmark /\ Benchmark)) /\ (((Benchmark \/ (Prog /\ Prog)) \/ Benchmark) \/ (Benchmark /\ Benchmark)))
<Graph: Graph computeTranspose(Graph)>/Graph.getVertices/2	<Graph: VertexIter getVertices()>	@ ((Benchmark \/ (Benchmark /\ Benchmark)) /\ (((Benchmark \/ (Prog /\ Prog)) \/ Benchmark) \/ (Benchmark /\ Benchmark)))
<Graph: boolean cycleCheck()>/Graph.graphSearch/0	<Graph: void graphSearch(WorkSpace)>	@ ((Benchmark \/ (Benchmark /\ Benchmark)) /\ (((Benchmark \/ (Prog /\ Prog)) \/ Benchmark) \/ (Benchmark /\ Benchmark)))
<Graph: Graph kruskal()>/Graph.getVertices/0	<Graph: VertexIter getVertices()>	@ MSTKruskal
<Graph: Graph kruskal()>/Graph.getEdges/0	<Graph: EdgeIter getEdges()>	@ MSTKruskal
<Graph: Graph kruskal()>/Graph.sortEdges/0	<Graph: void sortEdges(java.util.Comparator)>	@ (MSTKruskal /\ (((((MSTKruskal /\ MSTKruskal) \/ (MSTPrim /\ MSTPrim)) \/ (Connected /\ Connected)) \/ (StronglyConnected /\ StronglyConnected)) /\ EdgeObjects))
<Graph: Graph kruskal()>/Graph.getEdges/1	<Graph: EdgeIter getEdges()>	@ MSTKruskal
<Graph: Graph kruskal()>/Graph.getVertices/1	<Graph: VertexIter getVertices()>	@ MSTKruskal
<Graph: Graph kruskal()>/Vertex.assignName/0	<Vertex: Vertex assignName(java.lang.String)>	@ MSTKruskal
<Graph: Graph prim(Vertex)>/Graph.getVertices/0	<Graph: VertexIter getVertices()>	@ MSTPrim
<Graph: Graph prim(Vertex)>/Graph.getVertices/1	<Graph: VertexIter getVertices()>	@ MSTPrim
<Graph: Graph prim(Vertex)>/Graph.getVertices/2	<Graph: VertexIter getVertices()>	@ MSTPrim
<Graph: Graph prim(Vertex)>/Vertex.assignName/0	<Vertex: Vertex assignName(java.lang.String)>	@ MSTPrim
<Graph: Graph prim(Vertex)>/Graph.getVertices/3	<Graph: VertexIter getVertices()>	@ MSTPrim
<Graph: Graph prim(Vertex)>/Graph.findsVertex/0	<Graph: Vertex findsVertex(java.lang.String)>	@ MSTPrim
<Graph: Graph prim(Vertex)>/Graph.findsEdge/0	<Graph: EdgeIfc findsEdge(Vertex,Vertex)>	@ (MSTPrim /\ (((((MSTKruskal /\ MSTKruskal) \/ (MSTPrim /\ MSTPrim)) \/ (Connected /\ Connected)) \/ (StronglyConnected /\ StronglyConnected)) /\ EdgeObjects))
<Graph$Comparator2: int compare(java.lang.Object,java.lang.Object)>/Graph$Comparator2.compare/0	<Graph$Comparator2: int compare(Vertex,Vertex)>	@ MSTPrim
<Edge: void adjustAdorns(EdgeIfc)>/Edge.setWeight/0	<Edge: void setWeight(int)>	@ ((Benchmark \/ (Benchmark /\ Benchmark)) /\ (((Benchmark \/ (Prog /\ Prog)) \/ Benchmark) \/ (Benchmark /\ Benchmark)))
<Graph$Comparator1: int compare(java.lang.Object,java.lang.Object)>/Graph$Comparator1.compare/0	<Graph$Comparator1: int compare(Vertex,Vertex)>	@ StronglyConnected
<EdgeIter: void <init>()>/java.lang.Object.<init>/0	<java.lang.Object: void <init>()>
<GlobalVarsWrapper: void <init>()>/java.lang.Object.<init>/0	<java.lang.Object: void <init>()>	@ BFS
<CycleWorkSpace: void <init>()>/WorkSpace.<init>/0	<WorkSpace: void <init>()>	@ Cycle
<Main: void <init>()>/java.lang.Object.<init>/0	<java.lang.Object: void <init>()>	@ Prog
<WorkSpaceTranspose: void <init>()>/WorkSpace.<init>/0	<WorkSpace: void <init>()>	@ StronglyConnected
<Vertex: void adjustAdorns(Vertex,int)>/java.lang.Integer.<init>/0	<java.lang.Integer: void <init>(int)>	@ ((G_NoEdges /\ (G_NoEdges /\ (Weighted /\ G_NoEdges))) /\ (G_NoEdges /\ (Weighted /\ G_NoEdges)))
<Vertex: VertexIter getNeighbors()>/Vertex$VertexIter1.<init>/0	<Vertex$VertexIter1: void <init>(Vertex,Vertex$VertexIter1)>	@ ((G_NoEdges /\ (G_NoEdges /\ G_NoEdges)) /\ (G_NoEdges /\ G_NoEdges))
<Vertex: EdgeIter getEdges()>/Vertex$EdgeIter1.<init>/0	<Vertex$EdgeIter1: void <init>(Vertex,Vertex$EdgeIter1)>	@ (((EdgeObjects /\ G_NoEdges) /\ ((EdgeObjects /\ G_NoEdges) /\ (EdgeObjects /\ G_NoEdges))) /\ ((EdgeObjects /\ G_NoEdges) /\ (EdgeObjects /\ G_NoEdges)))
<Vertex: void addWeight(int)>/java.lang.Integer.<init>/0	<java.lang.Integer: void <init>(int)>	@ ((Weighted /\ (Weighted /\ (Weighted /\ G_NoEdges))) /\ (Weighted /\ (Weighted /\ G_NoEdges)))
<Graph: VertexIter getVertices()>/VertexIter.<init>/0	<VertexIter: void <init>(Graph)>
<Graph: EdgeIter getEdges()>/Graph$EdgeIter1.<init>/0	<Graph$EdgeIter1: void <init>(Graph,Graph$EdgeIter1)>	@ EdgeObjects
<Graph: void addEdge(Vertex,Neighbor)>/Neighbor.<init>/0	<Neighbor: void <init>(Vertex,int)>	@ ((GN_OnlyNeighbors /\ (GN_OnlyNeighbors /\ ((Undirected /\ Weighted) /\ GN_OnlyNeighbors))) /\ (GN_OnlyNeighbors /\ ((Undirected /\ Weighted) /\ GN_OnlyNeighbors)))
<Graph: void runBenchmark(java.lang.String)>/java.io.FileReader.<init>/0	<java.io.FileReader: void <init>(java.lang.String)>	@ ((Benchmark \/ (Benchmark /\ Benchmark)) /\ (Benchmark /\ Benchmark))
<Graph: int readNumber()>/java.lang.String.<init>/0	<java.lang.String: void <init>(char[])>	@ ((Benchmark \/ (Benchmark /\ Benchmark)) /\ (Benchmark /\ Benchmark))
<Graph: int readNumber()>/java.lang.String.<init>/1	<java.lang.String: void <init>(java.lang.String)>	@ ((Benchmark \/ (Benchmark /\ Benchmark)) /\ (Benchmark /\ Benchmark))
<Graph: void numberVertices()>/NumberWorkSpace.<init>/0	<NumberWorkSpace: void <init>()>	@ ((Number /\ (Number /\ Number)) /\ (Number /\ Number))
<Graph: void connectedComponents()>/RegionWorkSpace.<init>/0	<RegionWorkSpace: void <init>()>	@ (((((MSTKruskal /\ MSTKruskal) \/ (MSTPrim /\ MSTPrim)) \/ (Connected /\ Connected)) \/ (StronglyConnected /\ StronglyConnected)) /\ (Connected /\ Connected))
<Graph: Graph strongComponents()>/FinishTimeWorkSpace.<init>/0	<FinishTimeWorkSpace: void <init>()>	@ StronglyConnected
<Graph: Graph strongComponents()>/Graph$Comparator1.<init>/0	<Graph$Comparator1: void <init>(Graph,Graph$Comparator1)>	@ StronglyConnected
<Graph: Graph strongComponents()>/WorkSpaceTranspose.<init>/0	<WorkSpaceTranspose: void <init>()>	@ StronglyConnected
<Graph: Graph computeTranspose(Graph)>/java.util.HashMap.<init>/0	<java.util.HashMap: void <init>()>	@ (((Transpose /\ Transpose) /\ G_NoEdges) /\ (Transpose /\ Transpose))
<Graph: Graph computeTranspose(Graph)>/Graph.<init>/0	<Graph: void <init>()>	@ (((Transpose /\ Transpose) /\ G_NoEdges) /\ (Transpose /\ Transpose))
<Graph: Graph computeTranspose(Graph)>/Vertex.<init>/0	<Vertex: void <init>()>	@ (((Transpose /\ Transpose) /\ G_NoEdges) /\ (Transpose /\ Transpose))
<Graph: boolean cycleCheck()>/CycleWorkSpace.<init>/0	<CycleWorkSpace: void <init>()>	@ (((Cycle /\ Cycle) \/ MSTPrim) /\ (Cycle /\ Cycle))
<Graph: Graph kruskal()>/java.util.LinkedList.<init>/0	<java.util.LinkedList: void <init>()>	@ MSTKruskal
<Graph: Graph kruskal()>/java.util.LinkedList.<init>/1	<java.util.LinkedList: void <init>()>	@ MSTKruskal
<Graph: Graph kruskal()>/java.util.LinkedList.<init>/2	<java.util.LinkedList: void <init>()>	@ MSTKruskal
<Graph: Graph kruskal()>/Graph$Comparator3.<init>/0	<Graph$Comparator3: void <init>(Graph,Graph$Comparator3)>	@ MSTKruskal
<Graph: Graph kruskal()>/Graph.<init>/0	<Graph: void <init>()>	@ MSTKruskal
<Graph: Graph kruskal()>/Vertex.<init>/0	<Vertex: void <init>()>	@ MSTKruskal
<Graph: Graph prim(Vertex)>/java.util.LinkedList.<init>/0	<java.util.LinkedList: void <init>()>	@ MSTPrim
<Graph: Graph prim(Vertex)>/java.util.HashSet.<init>/0	<java.util.HashSet: void <init>()>	@ MSTPrim
<Graph: Graph prim(Vertex)>/Graph$Comparator2.<init>/0	<Graph$Comparator2: void <init>(Graph,Graph$Comparator2)>	@ MSTPrim
<Graph: Graph prim(Vertex)>/Graph.<init>/0	<Graph: void <init>()>	@ MSTPrim
<Graph: Graph prim(Vertex)>/Vertex.<init>/0	<Vertex: void <init>()>	@ MSTPrim
<WorkSpace: void <init>()>/java.lang.Object.<init>/0	<java.lang.Object: void <init>()>	@ SearchBase
<NumberWorkSpace: void <init>()>/WorkSpace.<init>/0	<WorkSpace: void <init>()>	@ Number
<FinishTimeWorkSpace: void <init>()>/WorkSpace.<init>/0	<WorkSpace: void <init>()>	@ StronglyConnected
<RegionWorkSpace: void <init>()>/WorkSpace.<init>/0	<WorkSpace: void <init>()>	@ Connected
<Edge: void <init>(Vertex,Vertex,int)>/java.lang.Object.<init>/0	<java.lang.Object: void <init>()>	@ EdgeObjects
<Neighbor: void <init>()>/java.lang.Object.<init>/0	<java.lang.Object: void <init>()>
<Neighbor: void <init>(Vertex,int)>/java.lang.Object.<init>/0	<java.lang.Object: void <init>()>	@ GN_OnlyNeighbors
<Neighbor: void <init>(Vertex,Edge)>/java.lang.Object.<init>/0	<java.lang.Object: void <init>()>	@ GEN_Edges
<Graph$Comparator3: int compare(EdgeIfc,EdgeIfc)>/EdgeIfc.getWeight/0	<Vertex: int getWeight()>	@ ((Benchmark \/ (Benchmark /\ Benchmark)) /\ (((Benchmark \/ (Prog /\ Prog)) \/ Benchmark) \/ (Benchmark /\ Benchmark)))
<Graph$Comparator3: int compare(EdgeIfc,EdgeIfc)>/EdgeIfc.getWeight/1	<Vertex: int getWeight()>	@ ((Benchmark \/ (Benchmark /\ Benchmark)) /\ (((Benchmark \/ (Prog /\ Prog)) \/ Benchmark) \/ (Benchmark /\ Benchmark)))
<Graph$Comparator3: int compare(EdgeIfc,EdgeIfc)>/EdgeIfc.getWeight/2	<Vertex: int getWeight()>	@ ((Benchmark \/ (Benchmark /\ Benchmark)) /\ (((Benchmark \/ (Prog /\ Prog)) \/ Benchmark) \/ (Benchmark /\ Benchmark)))
<Graph$Comparator3: int compare(EdgeIfc,EdgeIfc)>/EdgeIfc.getWeight/3	<Vertex: int getWeight()>	@ ((Benchmark \/ (Benchmark /\ Benchmark)) /\ (((Benchmark \/ (Prog /\ Prog)) \/ Benchmark) \/ (Benchmark /\ Benchmark)))
<Vertex: void init_vertex(WorkSpace)>/WorkSpace.init_vertex/0	<WorkSpace: void init_vertex(Vertex)>	@ (((((MSTKruskal /\ MSTKruskal) \/ (MSTPrim /\ MSTPrim)) \/ (Connected /\ Connected)) \/ (StronglyConnected /\ StronglyConnected)) /\ SearchBase)
<Vertex: void nodeSearch(WorkSpace)>/WorkSpace.preVisitAction/0	<WorkSpace: void preVisitAction(Vertex)>	@ SearchBase
<Vertex: void nodeSearch(WorkSpace)>/WorkSpace.checkNeighborAction/0	<WorkSpace: void checkNeighborAction(Vertex,Vertex)>	@ ((DFS /\ SearchBase) /\ (((MSTKruskal /\ MSTKruskal) /\ MSTKruskal) /\ G_NoEdges))
<Vertex: void nodeSearch(WorkSpace)>/WorkSpace.postVisitAction/0	<WorkSpace: void postVisitAction(Vertex)>	@ SearchBase
<Graph: void addEdge(Vertex,Neighbor)>/Vertex.addEdge/0	<Vertex: void addEdge(Neighbor)>	@ (((Prog /\ Prog) /\ Prog) /\ GN_OnlyNeighbors)
<Graph: EdgeIfc findsEdge(Vertex,Vertex)>/Vertex.getName/1	<Vertex: java.lang.String getName()>	@ ((Benchmark \/ (Benchmark /\ Benchmark)) /\ (((Benchmark \/ (Prog /\ Prog)) \/ Benchmark) \/ (Benchmark /\ Benchmark)))
<Graph: EdgeIfc findsEdge(Vertex,Vertex)>/Vertex.getName/3	<Vertex: java.lang.String getName()>	@ ((Benchmark \/ (Benchmark /\ Benchmark)) /\ (((Benchmark \/ (Prog /\ Prog)) \/ Benchmark) \/ (Benchmark /\ Benchmark)))
<Graph: EdgeIfc findsEdge(Vertex,Vertex)>/Vertex.getName/5	<Vertex: java.lang.String getName()>	@ ((Benchmark \/ (Benchmark /\ Benchmark)) /\ (((Benchmark \/ (Prog /\ Prog)) \/ Benchmark) \/ (Benchmark /\ Benchmark)))
<Graph: EdgeIfc findsEdge(Vertex,Vertex)>/Vertex.getName/7	<Vertex: java.lang.String getName()>	@ ((Benchmark \/ (Benchmark /\ Benchmark)) /\ (((Benchmark \/ (Prog /\ Prog)) \/ Benchmark) \/ (Benchmark /\ Benchmark)))
<Graph: void graphSearch(WorkSpace)>/WorkSpace.nextRegionAction/0	<WorkSpace: void nextRegionAction(Vertex)>	@ SearchBase
<Graph: Graph computeTranspose(Graph)>/Graph.addVertex/0	<Graph: void addVertex(Vertex)>	@ ((Benchmark \/ (Benchmark /\ Benchmark)) /\ (((Benchmark \/ (Prog /\ Prog)) \/ Benchmark) \/ (Benchmark /\ Benchmark)))
<Graph: Graph computeTranspose(Graph)>/Graph.getVertices/1	<Graph: VertexIter getVertices()>	@ ((Benchmark \/ (Benchmark /\ Benchmark)) /\ (((Benchmark \/ (Prog /\ Prog)) \/ Benchmark) \/ (Benchmark /\ Benchmark)))
<Graph: Graph computeTranspose(Graph)>/Graph.addEdge/0	<Graph: EdgeIfc addEdge(Vertex,Vertex,int)>	@ ((Benchmark \/ (Benchmark /\ Benchmark)) /\ (((Benchmark \/ (Prog /\ Prog)) \/ Benchmark) \/ (Benchmark /\ Benchmark)))
<Graph: Graph kruskal()>/java.util.LinkedList.add/0	<java.util.LinkedList: boolean add(java.lang.Object)>	@ MSTKruskal
<Graph: Graph kruskal()>/Graph.addVertex/0	<Graph: void addVertex(Vertex)>	@ MSTKruskal
<Graph: Graph kruskal()>/Graph.findsVertex/0	<Graph: Vertex findsVertex(java.lang.String)>	@ MSTKruskal
<Graph: Graph kruskal()>/Graph.findsVertex/1	<Graph: Vertex findsVertex(java.lang.String)>	@ MSTKruskal
<Graph: Graph kruskal()>/Graph.addEdge/0	<Graph: EdgeIfc addEdge(Vertex,Vertex,int)>	@ MSTKruskal
<Graph: Graph prim(Vertex)>/java.util.LinkedList.add/0	<java.util.LinkedList: boolean add(java.lang.Object)>	@ MSTPrim
<Graph: Graph prim(Vertex)>/java.util.LinkedList.add/1	<java.util.LinkedList: boolean add(java.lang.Object)>	@ MSTPrim
<Graph: Graph prim(Vertex)>/java.util.LinkedList.remove/0	<java.util.LinkedList: boolean remove(java.lang.Object)>	@ MSTPrim
<Graph: Graph prim(Vertex)>/java.util.LinkedList.add/2	<java.util.LinkedList: void add(int,java.lang.Object)>	@ MSTPrim
<Graph: Graph prim(Vertex)>/java.util.LinkedList.add/3	<java.util.LinkedList: void add(int,java.lang.Object)>	@ MSTPrim
<Graph: Graph prim(Vertex)>/Graph.addVertex/0	<Graph: void addVertex(Vertex)>	@ MSTPrim
<Graph: Graph prim(Vertex)>/Graph.findsVertex/1	<Graph: Vertex findsVertex(java.lang.String)>	@ MSTPrim
<Graph: Graph prim(Vertex)>/Graph.findsVertex/2	<Graph: Vertex findsVertex(java.lang.String)>	@ MSTPrim
<Graph: Graph prim(Vertex)>/Graph.addEdge/0	<Graph: EdgeIfc addEdge(Vertex,Vertex,int)>	@ MSTPrim
<Edge: void adjustAdorns(EdgeIfc)>/EdgeIfc.getWeight/0	<Vertex: int getWeight()>	@ ((Benchmark \/ (Benchmark /\ Benchmark)) /\ (((Benchmark \/ (Prog /\ Prog)) \/ Benchmark) \/ (Benchmark /\ Benchmark)))
<Graph: EdgeIfc findsEdge(Vertex,Vertex)>/Vertex.getEdges/0	<Vertex: EdgeIter getEdges()>	@ ((Benchmark \/ (Benchmark /\ Benchmark)) /\ (((Benchmark \/ (Prog /\ Prog)) \/ Benchmark) \/ (Benchmark /\ Benchmark)))
<Graph: EdgeIfc findsEdge(Vertex,Vertex)>/Vertex.getName/0	<Vertex: java.lang.String getName()>	@ ((Benchmark \/ (Benchmark /\ Benchmark)) /\ (((Benchmark \/ (Prog /\ Prog)) \/ Benchmark) \/ (Benchmark /\ Benchmark)))
<Graph: EdgeIfc findsEdge(Vertex,Vertex)>/Vertex.getName/4	<Vertex: java.lang.String getName()>	@ ((Benchmark \/ (Benchmark /\ Benchmark)) /\ (((Benchmark \/ (Prog /\ Prog)) \/ Benchmark) \/ (Benchmark /\ Benchmark)))
<Graph: Graph prim(Vertex)>/Vertex.getName/0	<Vertex: java.lang.String getName()>	@ MSTPrim
<Main: EdgeIfc addEdge(Graph,int)>/Graph.addEdge/0	<Graph: EdgeIfc addEdge(Vertex,Vertex,int)>	@ ((Benchmark \/ (Benchmark /\ Benchmark)) /\ (((Benchmark \/ (Prog /\ Prog)) \/ Benchmark) \/ (Benchmark /\ Benchmark)))
<GlobalVarsWrapper: void <clinit>()>/java.util.LinkedList.<init>/0	<java.util.LinkedList: void <init>()>	@ ((BFS /\ (BFS /\ BFS)) /\ (BFS /\ BFS))
<Graph: void addEdge(Vertex,Neighbor)>/Vertex.addEdge/1	<Vertex: void addEdge(Neighbor)>	@ ((Benchmark \/ (Benchmark /\ Benchmark)) /\ (((Benchmark \/ (Prog /\ Prog)) \/ Benchmark) \/ (Benchmark /\ Benchmark)))
<Edge: void display()>/Vertex.getName/0	<Vertex: java.lang.String getName()>	@ ((Benchmark \/ (Benchmark /\ Benchmark)) /\ (((Benchmark \/ (Prog /\ Prog)) \/ Benchmark) \/ (Benchmark /\ Benchmark)))
<Edge: void display()>/Vertex.getName/1	<Vertex: java.lang.String getName()>	@ ((Benchmark \/ (Benchmark /\ Benchmark)) /\ (((Benchmark \/ (Prog /\ Prog)) \/ Benchmark) \/ (Benchmark /\ Benchmark)))
<Vertex: void nodeSearch(WorkSpace)>/java.util.LinkedList.add/0	<java.util.LinkedList: boolean add(java.lang.Object)>	@ (((SearchBase /\ BFS) /\ G_NoEdges) /\ (SearchBase /\ BFS))
<Vertex: void nodeSearch(WorkSpace)>/java.util.LinkedList.remove/0	<java.util.LinkedList: java.lang.Object remove(int)>	@ (((SearchBase /\ BFS) /\ G_NoEdges) /\ (SearchBase /\ BFS))
<Graph: void <init>()>/java.lang.Object.<init>/0	<java.lang.Object: void <init>()>	@ ((Benchmark \/ (Benchmark /\ Benchmark)) \/ (((Benchmark \/ (Prog /\ Prog)) \/ Benchmark) \/ (Benchmark /\ Benchmark)))
<Vertex: void <init>()>/java.lang.Object.<init>/0	<java.lang.Object: void <init>()>	@ ((Benchmark \/ (Benchmark /\ Benchmark)) \/ (((Benchmark \/ (Prog /\ Prog)) \/ Benchmark) \/ (Benchmark /\ Benchmark)))
<Graph: Vertex findsVertex(java.lang.String)>/Graph.getVertices/0	<Graph: VertexIter getVertices()>	@ ((Benchmark \/ (Benchmark /\ Benchmark)) \/ (((Benchmark \/ (Prog /\ Prog)) \/ Benchmark) \/ (Benchmark /\ Benchmark)))
<Graph: void display()>/Graph.getEdges/0	<Graph: EdgeIter getEdges()>	@ (((EdgeObjects /\ EdgeObjects) /\ EdgeObjects) /\ GEN_Edges)
<Vertex: void nodeSearch(WorkSpace)>/VertexIter.next/0	<Vertex$VertexIter1: Vertex next()>	@ ((Benchmark \/ (Benchmark /\ Benchmark)) /\ (((Benchmark \/ (Prog /\ Prog)) \/ Benchmark) \/ (Benchmark /\ Benchmark)))
<Vertex: void nodeSearch(WorkSpace)>/VertexIter.hasNext/0	<Vertex$VertexIter1: boolean hasNext()>	@ ((Benchmark \/ (Benchmark /\ Benchmark)) /\ (((Benchmark \/ (Prog /\ Prog)) \/ Benchmark) \/ (Benchmark /\ Benchmark)))
<Vertex: void nodeSearch(WorkSpace)>/VertexIter.next/1	<Vertex$VertexIter1: Vertex next()>	@ ((Benchmark \/ (Benchmark /\ Benchmark)) /\ (((Benchmark \/ (Prog /\ Prog)) \/ Benchmark) \/ (Benchmark /\ Benchmark)))
<Vertex: void nodeSearch(WorkSpace)>/VertexIter.hasNext/1	<Vertex$VertexIter1: boolean hasNext()>	@ ((Benchmark \/ (Benchmark /\ Benchmark)) /\ (((Benchmark \/ (Prog /\ Prog)) \/ Benchmark) \/ (Benchmark /\ Benchmark)))
<Vertex: void display()>/VertexIter.next/0	<Vertex$VertexIter1: Vertex next()>	@ (((MSTKruskal /\ MSTKruskal) /\ MSTKruskal) /\ G_NoEdges)
<Vertex: void display()>/VertexIter.hasNext/0	<Vertex$VertexIter1: boolean hasNext()>	@ (((MSTKruskal /\ MSTKruskal) /\ MSTKruskal) /\ G_NoEdges)
<Graph: void run(Vertex)>/Graph.display/0	<Graph: void display()>	@ ((((Prog /\ Prog) /\ Benchmark) /\ (Prog /\ Prog)) /\ (MSTKruskal /\ Prog))
<Graph: void run(Vertex)>/Graph.display/1	<Graph: void display()>	@ ((((Prog /\ Prog) /\ Benchmark) /\ (Prog /\ Prog)) /\ (MSTPrim /\ Prog))
<Graph: void graphSearch(WorkSpace)>/VertexIter.hasNext/0	<VertexIter: boolean hasNext()>	@ SearchBase
<Graph: void graphSearch(WorkSpace)>/VertexIter.next/0	<VertexIter: Vertex next()>	@ SearchBase
<Graph: void graphSearch(WorkSpace)>/VertexIter.hasNext/1	<VertexIter: boolean hasNext()>	@ SearchBase
<Graph: void graphSearch(WorkSpace)>/VertexIter.next/1	<VertexIter: Vertex next()>	@ SearchBase
<Graph: void graphSearch(WorkSpace)>/VertexIter.hasNext/2	<VertexIter: boolean hasNext()>	@ SearchBase
<Graph: Graph strongComponents()>/Graph.graphSearch/1	<Graph: void graphSearch(WorkSpace)>	@ (((((MSTKruskal /\ MSTKruskal) \/ (MSTPrim /\ MSTPrim)) \/ (Connected /\ Connected)) \/ (StronglyConnected /\ StronglyConnected)) /\ StronglyConnected)
<Graph: Graph computeTranspose(Graph)>/VertexIter.next/0	<VertexIter: Vertex next()>	@ ((Benchmark \/ (Benchmark /\ Benchmark)) /\ (((Benchmark \/ (Prog /\ Prog)) \/ Benchmark) \/ (Benchmark /\ Benchmark)))
<Graph: Graph computeTranspose(Graph)>/VertexIter.hasNext/0	<VertexIter: boolean hasNext()>	@ ((Benchmark \/ (Benchmark /\ Benchmark)) /\ (((Benchmark \/ (Prog /\ Prog)) \/ Benchmark) \/ (Benchmark /\ Benchmark)))
<Graph: Graph computeTranspose(Graph)>/VertexIter.next/1	<VertexIter: Vertex next()>	@ ((Benchmark \/ (Benchmark /\ Benchmark)) /\ (((Benchmark \/ (Prog /\ Prog)) \/ Benchmark) \/ (Benchmark /\ Benchmark)))
<Graph: Graph computeTranspose(Graph)>/VertexIter.hasNext/2	<VertexIter: boolean hasNext()>	@ ((Benchmark \/ (Benchmark /\ Benchmark)) /\ (((Benchmark \/ (Prog /\ Prog)) \/ Benchmark) \/ (Benchmark /\ Benchmark)))
<Graph: Graph kruskal()>/VertexIter.next/0	<VertexIter: Vertex next()>	@ MSTKruskal
<Graph: Graph kruskal()>/VertexIter.hasNext/0	<VertexIter: boolean hasNext()>	@ MSTKruskal
<Graph: Graph kruskal()>/EdgeIter.next/0	<Graph$EdgeIter1: EdgeIfc next()>	@ ((Benchmark \/ (Benchmark /\ Benchmark)) /\ (((Benchmark \/ (Prog /\ Prog)) \/ Benchmark) \/ (Benchmark /\ Benchmark)))
<Graph: Graph kruskal()>/EdgeIter.hasNext/0	<Graph$EdgeIter1: boolean hasNext()>	@ ((Benchmark \/ (Benchmark /\ Benchmark)) /\ (((Benchmark \/ (Prog /\ Prog)) \/ Benchmark) \/ (Benchmark /\ Benchmark)))
<Graph: Graph kruskal()>/VertexIter.next/1	<VertexIter: Vertex next()>	@ MSTKruskal
<Graph: Graph kruskal()>/VertexIter.hasNext/1	<VertexIter: boolean hasNext()>	@ MSTKruskal
<Graph: Graph prim(Vertex)>/VertexIter.next/0	<VertexIter: Vertex next()>	@ MSTPrim
<Graph: Graph prim(Vertex)>/VertexIter.hasNext/0	<VertexIter: boolean hasNext()>	@ MSTPrim
<Graph: Graph prim(Vertex)>/VertexIter.next/1	<VertexIter: Vertex next()>	@ MSTPrim
<Graph: Graph prim(Vertex)>/VertexIter.hasNext/1	<VertexIter: boolean hasNext()>	@ MSTPrim
<Graph: Graph prim(Vertex)>/VertexIter.next/2	<VertexIter: Vertex next()>	@ MSTPrim
<Graph: Graph prim(Vertex)>/VertexIter.hasNext/2	<VertexIter: boolean hasNext()>	@ MSTPrim
<Graph: Graph prim(Vertex)>/VertexIter.next/3	<VertexIter: Vertex next()>	@ MSTPrim
<Graph: Graph prim(Vertex)>/VertexIter.hasNext/3	<VertexIter: boolean hasNext()>	@ MSTPrim
<Graph: void <init>()>/java.util.LinkedList.<init>/0	<java.util.LinkedList: void <init>()>	@ (((Prog /\ Prog) /\ Benchmark) /\ (Prog /\ Prog))
<Graph: void <init>()>/java.util.LinkedList.<init>/1	<java.util.LinkedList: void <init>()>	@ (((EdgeObjects /\ EdgeObjects) /\ EdgeObjects) /\ GEN_Edges)
<Vertex: void <init>()>/java.util.LinkedList.<init>/0	<java.util.LinkedList: void <init>()>	@ (((MSTKruskal /\ MSTKruskal) /\ MSTKruskal) /\ G_NoEdges)
<Vertex: void <init>()>/java.util.LinkedList.<init>/1	<java.util.LinkedList: void <init>()>	@ (((Prog /\ Prog) /\ Prog) /\ GN_OnlyNeighbors)
<Vertex: void <init>()>/java.util.LinkedList.<init>/2	<java.util.LinkedList: void <init>()>	@ (((EdgeObjects /\ EdgeObjects) /\ EdgeObjects) /\ GEN_Edges)
<Vertex: void <init>()>/java.util.LinkedList.<init>/3	<java.util.LinkedList: void <init>()>	@ (((((Weighted /\ G_NoEdges) /\ (Weighted /\ G_NoEdges)) /\ Weighted) /\ ((Weighted /\ G_NoEdges) /\ (Weighted /\ G_NoEdges))) /\ (Weighted /\ G_NoEdges))
<Graph: void graphSearch(WorkSpace)>/WorkSpace.nextRegionAction/0	<RegionWorkSpace: void nextRegionAction(Vertex)>	@ ((Benchmark \/ (Benchmark /\ Benchmark)) /\ (((Benchmark \/ (Prog /\ Prog)) \/ Benchmark) \/ (Benchmark /\ Benchmark)))
<Graph: Graph computeTranspose(Graph)>/VertexIter.next/2	<VertexIter: Vertex next()>	@ ((Benchmark \/ (Benchmark /\ Benchmark)) /\ (((Benchmark \/ (Prog /\ Prog)) \/ Benchmark) \/ (Benchmark /\ Benchmark)))
<Graph: void addVertex(Vertex)>/java.util.LinkedList.add/0	<java.util.LinkedList: boolean add(java.lang.Object)>	@ ((Benchmark \/ (Benchmark /\ Benchmark)) /\ (((Benchmark \/ (Prog /\ Prog)) \/ Benchmark) \/ (Benchmark /\ Benchmark)))
<Vertex$VertexIter1: void <init>(Vertex,Vertex$VertexIter1)>/Vertex$VertexIter1.<init>/0	<Vertex$VertexIter1: void <init>(Vertex)>	@ (((MSTKruskal /\ MSTKruskal) /\ MSTKruskal) /\ G_NoEdges)
<Vertex$EdgeIter1: void <init>(Vertex,Vertex$EdgeIter1)>/Vertex$EdgeIter1.<init>/0	<Vertex$EdgeIter1: void <init>(Vertex)>	@ ((((((MSTKruskal /\ MSTKruskal) \/ (MSTPrim /\ MSTPrim)) \/ (Connected /\ Connected)) \/ (StronglyConnected /\ StronglyConnected)) /\ EdgeObjects) /\ (EdgeObjects /\ G_NoEdges))
<VertexIter: void <init>(Graph)>/java.lang.Object.<init>/0	<java.lang.Object: void <init>()>
<Graph$EdgeIter1: void <init>(Graph,Graph$EdgeIter1)>/Graph$EdgeIter1.<init>/0	<Graph$EdgeIter1: void <init>(Graph)>	@ EdgeObjects
<Graph$Comparator1: void <init>(Graph,Graph$Comparator1)>/Graph$Comparator1.<init>/0	<Graph$Comparator1: void <init>(Graph)>	@ StronglyConnected
<Graph$Comparator3: void <init>(Graph,Graph$Comparator3)>/Graph$Comparator3.<init>/0	<Graph$Comparator3: void <init>(Graph)>	@ MSTKruskal
<Graph$Comparator2: void <init>(Graph,Graph$Comparator2)>/Graph$Comparator2.<init>/0	<Graph$Comparator2: void <init>(Graph)>	@ MSTPrim
<Graph: void run(Vertex)>/Graph.display/2	<Graph: void display()>	@ ((((Prog /\ Prog) /\ Benchmark) /\ (Prog /\ Prog)) /\ (Prog /\ StronglyConnected))
<Graph: EdgeIfc findsEdge(Vertex,Vertex)>/EdgeIter.next/0	<Vertex$EdgeIter1: EdgeIfc next()>	@ ((Benchmark \/ (Benchmark /\ Benchmark)) /\ (((Benchmark \/ (Prog /\ Prog)) \/ Benchmark) \/ (Benchmark /\ Benchmark)))
<Graph: EdgeIfc findsEdge(Vertex,Vertex)>/EdgeIter.hasNext/0	<Vertex$EdgeIter1: boolean hasNext()>	@ ((Benchmark \/ (Benchmark /\ Benchmark)) /\ (((Benchmark \/ (Prog /\ Prog)) \/ Benchmark) \/ (Benchmark /\ Benchmark)))
<Graph: EdgeIfc addEdge(Vertex,Vertex,int)>/Vertex.addAdjacent/0	<Vertex: void addAdjacent(Vertex)>	@ (((MSTKruskal /\ MSTKruskal) /\ MSTKruskal) /\ G_NoEdges)
<Graph: EdgeIfc addEdge(Vertex,Vertex,int)>/Vertex.addAdjacent/1	<Vertex: void addAdjacent(Vertex)>	@ ((Benchmark \/ (Benchmark /\ Benchmark)) /\ (((Benchmark \/ (Prog /\ Prog)) \/ Benchmark) \/ (Benchmark /\ Benchmark)))
<Graph: EdgeIfc addEdge(Vertex,Vertex,int)>/Vertex.setWeight/0	<Vertex: void setWeight(int)>	@ (((((Weighted /\ G_NoEdges) /\ (Weighted /\ G_NoEdges)) /\ Weighted) /\ ((Weighted /\ G_NoEdges) /\ (Weighted /\ G_NoEdges))) /\ (Weighted /\ G_NoEdges))
<Graph: EdgeIfc addEdge(Vertex,Vertex,int)>/Vertex.addWeight/0	<Vertex: void addWeight(int)>	@ ((Benchmark \/ (Benchmark /\ Benchmark)) /\ (((Benchmark \/ (Prog /\ Prog)) \/ Benchmark) \/ (Benchmark /\ Benchmark)))
<Graph: Vertex findsVertex(java.lang.String)>/VertexIter.next/0	<VertexIter: Vertex next()>	@ ((Benchmark \/ (Benchmark /\ Benchmark)) /\ (((Benchmark \/ (Prog /\ Prog)) \/ Benchmark) \/ (Benchmark /\ Benchmark)))
<Graph: Vertex findsVertex(java.lang.String)>/VertexIter.hasNext/0	<VertexIter: boolean hasNext()>	@ ((Benchmark \/ (Benchmark /\ Benchmark)) /\ (((Benchmark \/ (Prog /\ Prog)) \/ Benchmark) \/ (Benchmark /\ Benchmark)))
<Graph: void display()>/EdgeIter.next/0	<Graph$EdgeIter1: EdgeIfc next()>	@ ((Benchmark \/ (Benchmark /\ Benchmark)) /\ (((Benchmark \/ (Prog /\ Prog)) \/ Benchmark) \/ (Benchmark /\ Benchmark)))
<Graph: void display()>/EdgeIter.hasNext/0	<Graph$EdgeIter1: boolean hasNext()>	@ ((Benchmark \/ (Benchmark /\ Benchmark)) /\ (((Benchmark \/ (Prog /\ Prog)) \/ Benchmark) \/ (Benchmark /\ Benchmark)))
<Graph$EdgeIter1: void <init>(Graph)>/Graph.access$0/0	<Graph: java.util.LinkedList access$0(Graph)>	@ EdgeObjects
<Graph: void graphSearch(WorkSpace)>/WorkSpace.nextRegionAction/0	<WorkSpaceTranspose: void nextRegionAction(Vertex)>	@ ((Benchmark \/ (Benchmark /\ Benchmark)) /\ (((Benchmark \/ (Prog /\ Prog)) \/ Benchmark) \/ (Benchmark /\ Benchmark)))
<Graph: Graph kruskal()>/EdgeIfc.adjustAdorns/0	<Vertex: void adjustAdorns(EdgeIfc)>	@ ((Benchmark \/ (Benchmark /\ Benchmark)) /\ (((Benchmark \/ (Prog /\ Prog)) \/ Benchmark) \/ (Benchmark /\ Benchmark)))
<Graph: Graph prim(Vertex)>/EdgeIfc.adjustAdorns/0	<Vertex: void adjustAdorns(EdgeIfc)>	@ ((Benchmark \/ (Benchmark /\ Benchmark)) /\ (((Benchmark \/ (Prog /\ Prog)) \/ Benchmark) \/ (Benchmark /\ Benchmark)))
<Vertex$VertexIter1: void <init>(Vertex)>/VertexIter.<init>/0	<VertexIter: void <init>()>	@ (((MSTKruskal /\ MSTKruskal) /\ MSTKruskal) /\ G_NoEdges)
<Vertex$EdgeIter1: void <init>(Vertex)>/EdgeIter.<init>/0	<EdgeIter: void <init>()>	@ ((((((MSTKruskal /\ MSTKruskal) \/ (MSTPrim /\ MSTPrim)) \/ (Connected /\ Connected)) \/ (StronglyConnected /\ StronglyConnected)) /\ EdgeObjects) /\ (EdgeObjects /\ G_NoEdges))
<Graph$EdgeIter1: void <init>(Graph)>/EdgeIter.<init>/0	<EdgeIter: void <init>()>	@ EdgeObjects
<Graph$Comparator1: void <init>(Graph)>/java.lang.Object.<init>/0	<java.lang.Object: void <init>()>	@ StronglyConnected
<Graph$Comparator3: void <init>(Graph)>/java.lang.Object.<init>/0	<java.lang.Object: void <init>()>	@ MSTKruskal
<Graph$Comparator2: void <init>(Graph)>/java.lang.Object.<init>/0	<java.lang.Object: void <init>()>	@ MSTPrim
<Vertex: void addAdjacent(Vertex)>/java.util.LinkedList.add/0	<java.util.LinkedList: boolean add(java.lang.Object)>	@ ((Benchmark \/ (Benchmark /\ Benchmark)) /\ (((Benchmark \/ (Prog /\ Prog)) \/ Benchmark) \/ (Benchmark /\ Benchmark)))
<Vertex: void addWeight(int)>/java.util.LinkedList.add/0	<java.util.LinkedList: boolean add(java.lang.Object)>	@ ((Benchmark \/ (Benchmark /\ Benchmark)) /\ (((Benchmark \/ (Prog /\ Prog)) \/ Benchmark) \/ (Benchmark /\ Benchmark)))
<VertexIter: void <init>()>/java.lang.Object.<init>/0	<java.lang.Object: void <init>()>	@ (((MSTKruskal /\ MSTKruskal) /\ MSTKruskal) /\ G_NoEdges)
